SOP,Title,date
2024-01-1837,"Odredba o spremembi Odredbe o določitvi poklicev, v katerih zaposlitev tujca nivezana na trg dela",28. 6. 2024
2021-01-3544,"Pravilnik o spremembah in dopolnitvah Pravilnika o osebni varovalni opremi, ki jo delavci uporabljajo pri delu",19. 11. 2021
2024-01-1750,Dodatek št. 17 h Kolektivni pogodbi za dejavnost elektroindustrije Slovenije,21. 6. 2024
2024-01-1751,Aneks št. 6 h Kolektivni pogodbi elektrogospodarstva Slovenije,21. 6. 2024
2024-01-1752,Aneks št. 8 h Kolektivni pogodbi za papirno in papirno-predelovalno dejavnost,21. 6. 2024
2024-01-1753,Aneks številka 4 h kolektivni pogodbi dejavnosti trgovine Slovenije,21. 6. 2024
2013-01-2183,Pravilnik o postopku vključevanja delavca v ukrepe na trgu dela med odpovednim rokom,5. 7. 2013
2019-01-3722,Zakon o dopolnitvi Zakona o delovnih razmerjih (ZDR-1B),27. 12. 2019
2022-01-0215,Zakon o spremembah Zakona o delovnih razmerjih (ZDR-1C),4. 2. 2022
2023-01-3325,Zakon o spremembah in dopolnitvah Zakona o delovnih razmerjih (ZDR-1D),15. 11. 2023
2020-01-0679,Zakon o interventnih ukrepih na področju plač in prispevkov (ZIUPPP),28. 3. 2020
2017-01-1462,Odpoved Kolektivne pogodbe za dejavnost poslovanja z nepremičninami,2. 6. 2017
2024-01-1930,"Višina najnižjih osnovnih plač za posamezne tarifne razrede in višine povračil stroškov prevoza na delo in z dela, prehrane med delom ter službenih potovanj v Sloveniji (dnevnice) v dejavnosti trgovine Slovenije, od 1. 7. 2024 dalje",3. 7. 2024
2017-01-2523,Zakon o spremembah in dopolnitvah Zakona o urejanju trga dela (ZUTD-D),6. 10. 2017
2022-01-1187,Zakon o spremembi Zakona o urejanju trga dela (ZUTD-G),20. 4. 2022
2022-01-0552,Zakon o interventnih ukrepih za podporo trgu dela (ZIUPTD1),4. 3. 2022
2023-01-3278,"Spremembe in dopolnitev Ustanovitvenega akta Javnega štipendijskega, razvojnega, invalidskega in preživninskega sklada Republike Slovenije",10. 11. 2023
2019-01-1923,Zakon o spremembah Zakona o preprečevanju dela in zaposlovanja na črno (ZPDZC-1A),28. 6. 2019
2021-01-0020,Uredba o načinu priprave kadrovskih načrtov posrednih uporabnikov proračuna in metodologiji spremljanja njihovega izvajanja za leti 2021 in 2022,8. 1. 2021
2019-01-3307,Zakon o spremembah in dopolnitvah Zakona o urejanju trga dela (ZUTD-E),12. 12. 2019
2020-01-3637,"Odredba o določitvi poklicev, v katerih zaposlitev tujca ni vezana na trg dela",29. 12. 2020
2021-01-2144,"Odredba o spremembi Odredbe o določitvi poklicev, v katerih zaposlitev tujca ni vezana na trg dela",24. 6. 2021
2021-01-4160,"Odredba o spremembi Odredbe o določitvi poklicev, v katerih zaposlitev tujca ni vezana na trg dela",28. 12. 2021
2022-01-2107,"Odredba o spremembi Odredbe o določitvi poklicev, v katerih zaposlitev tujca ni vezana na trg dela",30. 6. 2022
2022-01-4207,"Odredba o spremembah Odredbe o določitvi poklicev, v katerih zaposlitev tujca ni vezana na trg dela",27. 12. 2022
2023-01-2094,"Odredba o spremembi Odredbe o določitvi poklicev, v katerih zaposlitev tujca ni vezana na trg dela",22. 6. 2023
2023-01-3958,"Odredba o dopolnitvah in spremembi Odredbe o določitvi poklicev, v katerih zaposlitev tujca ni vezana na trg dela",21. 12. 2023
2018-01-1405,"Zakon o dopolnitvi Zakona o zaposlovanju, samozaposlovanju in delu tujcev (ZZSDT-B)",4. 5. 2018
2021-01-1958,"Zakon o zaposlovanju, samozaposlovanju in delu tujcev (uradno prečiščeno besedilo) (ZZSDT-UPB4)",7. 6. 2021
2022-01-1366,"Pravilnik o olajšavi za zaposlitev osebe v poklicu, za katerega na trgu dela primanjkuje iskalcev zaposlitve",6. 5. 2022
2023-01-4259,"Pravilnik o spremembi Pravilnika o olajšavi za zaposlitev osebe v poklicu, za katerega na trgu dela primanjkuje iskalcev zaposlitve",29. 12. 2023
2017-01-0046,Pravilnik o dovoljenjih za opravljanje strokovnih nalog na področju varnosti pri delu,13. 1. 2017
2020-01-1349,Pravilnik o opravljanju strokovnega izpita iz varnosti in zdravja pri delu,12. 6. 2020
2023-01-2747,Pravilnik o spremembi Pravilnika o zagotavljanju varnosti in zdravja delavcev pri ročnem premeščanju bremen,15. 9. 2023
2024-01-0823,"Pravilnik o varovanju delavcev pred tveganji zaradi izpostavljenosti rakotvornim, mutagenim ali reprotoksičnim snovem pri delu",4. 4. 2024
2009-01-1738,Razlage Kolektivne pogodbe za zdravnike in zobozdravnike v Republiki Sloveniji (KPZZ),15. 5. 2009
2020-01-1509,"Razlaga Kolektivne pogodbe za elektrogospodarstvo (v nadaljevanju KPES, Uradni list RS, št. 41/17)",24. 6. 2020
2018-01-4067,Zakon o spremembah Zakona o minimalni plači (ZMinP-B),24. 12. 2018
2011-01-2830,Pravilnik o spremembah Pravilnika o področjih prostovoljskega dela in vpisniku,29. 7. 2011
2017-01-0751,Aneks k tarifni prilogi h Kolektivni pogodbi za dejavnosti pridobivanja in predelave nekovinskih rudnin Slovenije,31. 3. 2017
2014-01-1684,Aneks št. 2 h Kolektivni pogodbi za policiste,6. 6. 2014
2023-01-3888,Pravilnik o obrazcu vloge za izdajo potrdila A1,20. 12. 2023
2022-01-2189,"Višina najnižjih osnovnih plač za posamezne tarifne razrede in višine povračil stroškov prevoza na delo in z dela, prehrane med delom ter službenih potovanj v dejavnosti trgovine Slovenije",1. 7. 2022
2018-01-3991,"Pravilnik o spremembah in dopolnitvah Pravilnika o prijavi in odjavi iz evidenc, zaposlitvenem načrtu, pravicah in obveznostih pri iskanju zaposlitve ter nadzoru nad osebami, prijavljenimi v evidencah",21. 12. 2018
2021-01-1889,"Pravilnik o spremembah Pravilnika o prijavi in odjavi iz evidenc, zaposlitvenem načrtu, pravicah in obveznostih pri iskanju zaposlitve ter nadzoru nad osebami, prijavljenimi v evidencah",4. 6. 2021
2022-01-0730,"Pravilnik o spremembah in dopolnitvah Pravilnika o prijavi in odjavi iz evidenc, zaposlitvenem načrtu, pravicah in obveznostih pri iskanju zaposlitve ter nadzoru nad osebami, prijavljenimi v evidencah",18. 3. 2022
2021-01-0362,Razlaga 4. člena Kolektivne pogodbe za kmetijstvo in živilsko industrijo Slovenije,5. 2. 2021
2020-01-1765,Višina najnižjih osnovnih plač za posamezne tarifne razrede in višino povračil stroškov prehrane med delom ter službenih potovanj v dejavnosti trgovine Slovenije,10. 7. 2020
2020-01-1868,Kolektivni dogovor,17. 7. 2020
2021-01-3704,Kolektivna pogodba za kmetijstvo in živilsko industrijo Slovenije,30. 11. 2021
2022-01-2375,Aneks št. 1 k Tarifni prilogi Kolektivne pogodbe za kmetijstvo in živilsko industrijo Slovenije,13. 7. 2022
2021-01-4172,Razlaga Aneksa št. 13 h Kolektivni pogodbi javnega zavoda RTV Slovenija,28. 12. 2021
2014-01-0135,Aneks k Tarifni prilogi h Kolektivni pogodbi za dejavnosti pridobivanja in predelave nekovinskih rudnin Slovenije,24. 1. 2014
2018-01-1282,Aneks k tarifni prilogi h Kolektivni pogodbi za dejavnosti pridobivanja in predelave nekovinskih rudnin Slovenije,26. 4. 2018
2023-01-3773,Aneks k tarifni prilogi h Kolektivni pogodbi za dejavnosti pridobivanja in predelave nekovinskih rudnin Slovenije,15. 12. 2023
2021-01-2326,"Višina najnižjih osnovnih plač za posamezne tarifne razrede in višina povračil stroškov prehrane med delom ter službenih potovanj v dejavnosti trgovine Slovenije, ki od 1. 7. 2021 dalje znašajo",2. 7. 2021
2018-01-2635,Aneks št. 1 k Tarifni prilogi Kolektivne pogodbe za lesarstvo,20. 7. 2018
2019-01-2137,Aneks št. 2 h Kolektivni pogodbi za lesarstvo,12. 7. 2019
2022-01-2376,Razlage h Kolektivni pogodbi komunalnih dejavnosti,13. 7. 2022
2022-01-2377,"Mnenje v zvezi s 36. členom KP KD (referenčno obdobje, nadurno delo in presežek ur)",13. 7. 2022
2022-01-3335,Tarifna priloga h Kolektivni pogodbi komunalnih dejavnosti,28. 10. 2022
2023-01-3157,Tarifna priloga h Kolektivni pogodbi komunalnih dejavnosti,27. 10. 2023
2023-01-0357,Odredba o višini urne postavke in višini dohodka za opravljeno začasno ali občasno delo upokojencev,15. 2. 2023
2023-01-2321,Aneks št. 1 h Kolektivni pogodbi za cestni potniški promet Slovenije,7. 7. 2023
2020-01-2803,Razlaga Aneksa št. 10 h Kolektivni pogodbi javnega zavoda RTV Slovenija,6. 11. 2020
2013-01-2072,Navodilo za obračun in plačilo dajatve od začasnega ali občasnega dela,28. 6. 2013
2021-01-2539,Razlaga Kolektivne pogodbe premogovništva Slovenije,16. 7. 2021
2024-01-2276,Razlagi h Kolektivni pogodbi komunalnih dejavnosti,30. 8. 2024
2024-01-2277,Mnenji glede izvajanja določb Kolektivne pogodbe komunalnih dejavnosti,30. 8. 2024
2010-01-5421,"Pravilnik o prijavi in objavi prostega delovnega mesta ali vrste dela, postopku posredovanja zaposlitve ter vsebini in načinu sporočanja podatkov Zavodu Republike Slovenije za zaposlovanje",24. 12. 2010
1991-01-0025,Zakon o spremembi in dopolnitvi zakona o delavcih v državnih organih (ZDDO-D),28. 6. 1991
1990-03-0742,Zakon o delavcih v državnih organih (ZDDO),20. 4. 1990
2025-01-1286,"Zakon o spremembah in dopolnitvah Zakona o zaposlovanju, samozaposlovanju in delu tujcev (ZZSDT-E)",6. 5. 2025
2021-01-2231,Pravilnik o spremembah in dopolnitvah Pravilnika o standardih in normativih za izvajanje storitev za trg dela in metodologiji za oblikovanje cen teh storitev,2. 7. 2021
2011-01-3014,Pravilnik o koncesijah za opravljanje storitev za trg dela,19. 8. 2011
2023-01-0460,Sklep o uskladitvi pokojnin in drugih prejemkov od 1. januarja 2023,24. 2. 2023
2023-01-0728,Sklep o uskladitvi in zneskih invalidnin za telesno okvaro od 1. marca 2023,10. 3. 2023
2023-01-1579,Sklep o zgornjih mejah za izplačilo dela vdovske pokojnine od 1. januarja 2023,5. 5. 2023
2023-01-2320,"Višina najnižjih osnovnih plač za posamezne tarifne razrede in višine povračil stroškov prevoza na delo in z dela, prehrane med delom ter službenih potovanj (dnevnice) v dejavnosti trgovine Slovenije, ki od 1. 7. 2023 dalje znašajo",7. 7. 2023
2014-01-0900,"Aneks k Tarifni prilogi Kolektivne pogodbe za tekstilne, oblačilne, usnjarske in usnjarsko predelovalne dejavnosti",4. 4. 2014
2023-01-0115,Ugotovitveni sklep o najnižjih mesečnih osnovnih plačah,20. 1. 2023
2022-01-3700,"Aneks št. 2 k Tarifni prilogi Kolektivne pogodbe za tekstilne, oblačilne, usnjarske in usnjarsko predelovalne dejavnosti",30. 11. 2022
1992-01-0805,Zakon o plačah delavcev v javnih vzgojnoizobraževalnih zavodih (ZPDJVZ),31. 3. 1992
1993-01-1954,Pravilnik o spremembah pravilnika o napredovanju v nazive v osnovnem in srednjem šolstvu,24. 9. 1993
1993-01-1697,Zakon o spremembah in dopolnitvah zakona o plačah delavcev v javnih vzgojnoizobraževalnih zavodih (ZPDJVZ-A),22. 7. 1993
2021-01-0508,Odredba o uskladitvi najnižje bruto urne postavke za opravljeno uro začasnih in občasnih del,18. 2. 2021
2022-01-0071,Odredba o uskladitvi najnižje bruto urne postavke za opravljeno uro začasnih in občasnih del,14. 1. 2022
2023-01-0105,Odredba o uskladitvi najnižje bruto urne postavke za opravljeno uro začasnih in občasnih del,20. 1. 2023
2024-01-0239,Odredba o uskladitvi najnižje bruto urne postavke za opravljeno uro začasnih in občasnih del,2. 2. 2024
2022-01-1555,Odredba o višini urne postavke za opravljeno začasno ali občasno delo upokojencev,13. 5. 2022
2021-01-1049,Zakon o dopolnitvi Zakona o urejanju trga dela (ZUTD-F),9. 4. 2021
2023-01-3143,Zakon o spremembi Zakona o urejanju trga dela (ZUTD-H),27. 10. 2023
2023-01-1065,Sklep o podaljšanju ukrepa delnega povračila nadomestila plače zaradi skrajšanja polnega delovnega časa,31. 3. 2023
2023-01-1861,Obvezna razlaga 7. člena Aneksa št. 14 h Kolektivni pogodbi javnega zavoda RTV Slovenija,2. 6. 2023
2020-01-0494,Odredba o višini prispevkov za osebno dopolnilno delo,9. 3. 2020
2023-01-0819,Odredba o višini prispevkov za osebno dopolnilno delo,17. 3. 2023
2024-01-0537,Odredba o višini prispevkov za osebno dopolnilno delo,8. 3. 2024
2023-01-2517,Kolektivni dogovor,21. 7. 2023
2023-01-2567,Kolektivna pogodba za dejavnost vodenja in kontrole zračnega prometa št. 171-1/24-2023,31. 7. 2023
2013-01-2512,Zakon o spremembah in dopolnitvah Zakona o urejanju trga dela (ZUTD-B),26. 7. 2013
2024-01-2351,"Razlaga Kolektivne pogodbe za zdravnike in zobozdravnike v RS in Posebnega tarifnega dela Kolektivne pogodbe za zdravnike in zobozdravnike v RS, sprejete na seji dne 10. 9. 2024",13. 9. 2024
2024-01-3093,Aneks h Kolektivni pogodbi za dejavnost vzgoje in izobraževanja v Republiki Sloveniji,25. 11. 2024
2018-01-2214,Pravilnik o spremembah in dopolnitvah Pravilnika o dodeljevanju Zoisovih štipendij,29. 6. 2018
1997-01-3711,Ugotovitveni sklep o izhodiščni plači za prvi tarifni razred,15. 12. 1997
1998-01-0345,Sklep o izhodiščni plači za prvi tarifni razred za negospodarske dejavnosti za mesec januar 1998,30. 1. 1998
1990-03-2162,Kolektivna pogodba PTT prometa,14. 12. 1990
1991-01-0682,Kolektivna pogodba za negospodarske dejavnosti v Republiki Sloveniji,11. 10. 1991
1991-01-1281,Kolektivna pogodba za poklicne novinarje,20. 12. 1991
1992-01-2095,Kolektivna pogodba za raziskovalno dejavnost,21. 9. 1992
1994-01-0570,Kolektivna pogodba za dejavnost zdravstva in socialnega varstva Slovenije,18. 3. 1994
1994-01-1744,Kolektivna pogodba za kulturne dejavnosti v Republiki Sloveniji,22. 7. 1994
1996-01-2392,Kolektivna pogodba za dejavnost kovinskih materialov in livarn ter za kovinsko in elektroindustrijo Slovenije,18. 7. 1996
1993-01-0126,Zakon o spremembah zakona o delavcih v državnih organih (ZDDO-E),16. 1. 1993
1994-01-1687,Pravilnik o napredovanju zaposlenih v vrtcih in šolah v plačilne razrede,12. 7. 1994
1996-01-3657,Pravilnik o spremembah in dopolnitvah pravilnika o napredovanju zaposlenih v vrtcih ter osnovnem in srednjem šolstvu v plačilne razrede,22. 11. 1996
1999-01-2557,Pravilnik o spremembah in dopolnitvah pravilnika o napredovanju zaposlenih v vrtcih in šolah v plačilne razrede,8. 7. 1999
2001-01-0196,Pravilnik o spremembah in dopolnitvah pravilnika o napredovanju zaposlenih v vrtcih in šolah v plačilne razrede,12. 1. 2001
2001-01-3878,Pravilnik o napredovanju zaposlenih v Slovenskem inštitutu za standardizacijo,14. 9. 2001
2002-01-1868,Pravilnik o spremembah in dopolnitvah pravilnika o napredovanju zaposlenih v vrtcih in šolah v plačilne razrede,6. 5. 2002
1994-01-0543,Kolektivna pogodba za zdravnike in zobozdravnike v Republiki Sloveniji,11. 3. 1994
2020-01-0344,Odredba o višini urne postavke in višini dohodka za opravljeno začasno ali občasno delo,25. 2. 2020
2021-01-0855,Odredba o višini prispevkov za osebno dopolnilno delo,24. 3. 2021
2022-01-0659,Odredba o višini prispevkov za osebno dopolnilno delo,11. 3. 2022
2024-01-3088,Kolektivna pogodba za gozdarsko dejavnost – tarifni del,25. 11. 2024
2023-01-0899,Sporazum o načinu reševanja stavkovnih zahtev in o odložitvi začetka stavke,24. 3. 2023
2024-01-3094,Aneks h Kolektivni pogodbi za raziskovalno dejavnost,25. 11. 2024
2024-01-2864,Zakon o skupnih temeljih sistema plač v javnem sektorju (ZSTSPJS),8. 11. 2024
2023-01-2748,"Odredba o določitvi poklicev in dejavnosti, ki so nujni za odpravo in preprečitev posledic poplav in plazov in v katerih se lahko zaposlujejo tuji delavci",15. 9. 2023
2024-01-2125,Zakon o začasnih ukrepih za izboljšanje kadrovskih in delovnih pogojev ter zmogljivosti pri izvajalcih socialnovarstvenih storitev in dolgotrajne oskrbe (ZZUKDPSS),24. 7. 2024
2014-01-0663,Zakon o inšpekciji dela (ZID-1),17. 3. 2014
1997-01-4007,Zakon o višini povračil stroškov v zvezi z delom in nekaterih drugih prejemkov (ZPSDP),29. 12. 1997
2020-01-2642,Mnenje v zvezi z izvajanjem prvega odstavka 3. člena Tarifne priloge h Kolektivni pogodbi komunalnih dejavnosti,23. 10. 2020
2023-01-2511,Količnik rasti cen prehrambnih izdelkov,21. 7. 2023
1998-01-0431,Zakon o spremembah zakona o višini povračil stroškov v zvezi z delom in nekaterih drugih prejemkov (ZPSDP-A),6. 2. 1998
2001-01-2643,Zakon o spremembah zakona o višini povračil stroškov v zvezi z delom in nekaterih drugih prejemkov (ZPSDP-B),13. 6. 2001
2020-01-0198,Zakon o spremembi in dopolnitvi Zakona o višini povračil stroškov v zvezi z delom in nekaterih drugih prejemkov (ZPSDP-C),7. 2. 2020
2006-01-4584,Zakon o zaposlovanju in zavarovanju za primer brezposelnosti (uradno prečiščeno besedilo) (ZZZPB-UPB1),17. 10. 2006
2024-01-3096,Aneks št. 1 h Kolektivni pogodbi za gozdarsko dejavnost – normativni del,25. 11. 2024
1969-07-0422,Pravilnik o splošnih ukrepih in normativih za varstvo pri delu z dvigali,17. 7. 1969
2011-01-2039,Zakon o varnosti in zdravju pri delu (ZVZD-1),3. 6. 2011
2024-01-2767,Tarifna priloga h Kolektivni pogodbi komunalnih dejavnosti,25. 10. 2024
2024-01-2827,Aneks št. 7 h Kolektivni pogodbi elektrogospodarstva Slovenije,30. 10. 2024
2024-01-3092,Aneks h Kolektivni pogodbi za negospodarske dejavnosti v Republiki Sloveniji,25. 11. 2024
2024-01-3084,Kolektivna pogodba za javni sektor,25. 11. 2024
1998-01-0305,"Kolektivna pogodba celulozne, papirne in papirno predelovalne dejavnosti",30. 1. 1998
2000-01-2001,"Kolektivna pogodba časopisnoinformativne, založniške in knjigotrške dejavnosti",24. 5. 2000
2004-01-5763,Kolektivna pogodba dejavnosti Cestnega gospodarstva (KPD-CG),17. 12. 2004
2006-01-1835,Zakon o kolektivnih pogodbah (ZKolP),21. 4. 2006
2024-01-2889,Aneks št. 9 h Kolektivni pogodbi za papirno in papirno-predelovalno dejavnost,8. 11. 2024
2024-01-2886,"Razlaga Aneksa h Kolektivni pogodbi zdravstva in socialnega varstva Slovenije (Uradni list RS, 165/22) glede 19. in 20. člena, ki se nanašata na časovno veljavnost pogodb o zaposlitvi",8. 11. 2024
2024-01-2887,"Razlaga Kolektivne pogodbe za dejavnost zdravstva in socialnega varstva Slovenije glede določbe 48.člena, ki se nanaša na delavčevo pravico do plačane odsotnosti iz naslova izobraževanja",8. 11. 2024
2024-01-2888,"Razlaga Kolektivne pogodbe za dejavnost zdravstva in socialnega varstva Slovenije glede določbe 101.člena, ki se nanaša na solidarnostno pomoč v primeru daljše bolezni",8. 11. 2024
2024-01-2890,Dodatek št. 18 h Kolektivni pogodbi za dejavnost elektroindustrije Slovenije,8. 11. 2024
1993-01-0589,Zakon o reprezentativnosti sindikatov (ZRSin),12. 3. 1993
1993-01-0827,Pravilnik o evidenci statutov sindikatov,9. 4. 1993
2024-01-3085,"Kolektivna pogodba za državno upravo, uprave pravosodnih organov in uprave samoupravnih lokalnih skupnosti – tarifni del",25. 11. 2024
2024-01-3086,Kolektivna pogodba Javnega gospodarskega zavoda Brdo Protokolarne storitve Republike Slovenije,25. 11. 2024
2024-01-3095,Aneks h Kolektivni pogodbi za kulturne dejavnosti v Republiki Sloveniji,25. 11. 2024
2024-01-3098,Aneks h Kolektivni pogodbi za dejavnost zdravstva in socialnega varstva Slovenije,25. 11. 2024
2024-01-3097,Aneks h Kolektivni pogodbi za zaposlene v zdravstveni negi,25. 11. 2024
2024-01-3100,Aneks k Posebnemu tarifnemu delu Kolektivne pogodbe za zdravnike in zobozdravnike v Republiki Sloveniji,25. 11. 2024
2024-01-3099,Aneks št. 5 h Kolektivni pogodbi za dejavnost obvezne socialne varnosti – tarifni del,25. 11. 2024
2024-01-3089,Kolektivna pogodba za dejavnost okolja in prostora – tarifni del,25. 11. 2024
2024-01-3090,Kolektivna pogodba za dejavnost poklicnega gasilstva – tarifni del,25. 11. 2024
2025-01-0947,Pravilnik o spremembah in dopolnitvi Pravilnika o varovanju delavcev pred tveganji zaradi izpostavljenosti kemičnim snovem pri delu,18. 4. 2025
2025-01-0946,"Pravilnik o spremembah Pravilnika o varovanju delavcev pred tveganji zaradi izpostavljenosti rakotvornim, mutagenim ali reprotoksičnim snovem pri delu",18. 4. 2025
2024-01-3091,Kolektivna pogodba za dejavnost javni red in varnost,25. 11. 2024
2024-01-2958,"Aneks h Kolektivni pogodbi časopisno-informativne, založniške in knjigotrške dejavnosti",15. 11. 2024
2024-01-2959,"Aneks št. 19 k Tarifni prilogi h Kolektivni pogodbi časopisno-informativne, založniške in knjigotrške dejavnosti",15. 11. 2024
2024-01-2957,Kolektivna pogodba za zavarovalstvo Slovenije,15. 11. 2024
1994-01-1937,Kolektivna pogodba za dejavnost vzgoje in izobraževanja v Republiki Sloveniji,30. 8. 1994
1998-01-2770,Kolektivna pogodba za zaposlene v zdravstveni negi,28. 8. 1998
2012-01-1703,Aneks h Kolektivni pogodbi za negospodarske dejavnosti v Republiki Sloveniji,30. 5. 2012
2012-01-1704,Aneks h Kolektivni pogodbi za zaposlene v zdravstveni negi,30. 5. 2012
2012-01-1705,Aneks h Kolektivni pogodbi za zdravnike in zobozdravnike v Republiki Sloveniji,30. 5. 2012
2012-01-1706,Aneks h Kolektivni pogodbi za dejavnost zdravstva in socialnega varstva Slovenije,30. 5. 2012
2012-01-1707,Aneks h Kolektivni pogodbi za dejavnost vzgoje in izobraževanja v Republiki Sloveniji,30. 5. 2012
2012-01-1708,Aneks h Kolektivni pogodbi za raziskovalno dejavnost,30. 5. 2012
2012-01-1709,Aneks h Kolektivni pogodbi za kulturne dejavnosti v Republiki Sloveniji,30. 5. 2012
2024-01-3036,Aneks št. 4 h Kolektivni pogodbi premogovništva Slovenije,22. 11. 2024
2024-01-3155,Aneks št. 1 h Kolektivni pogodbi dejavnosti za storitvene dejavnosti v kopenskem prometu,29. 11. 2024
2024-01-3156,Aneks številka 2 h Kolektivni pogodbi za cestni potniški promet Slovenije,29. 11. 2024
2008-01-2482,Zakon o spremembah in dopolnitvah Zakona o zdravniški službi (ZZdrS-E),10. 6. 2008
1997-01-3371,Zakon o spremembah in dopolnitvah zakona o delavcih v državnih organih (ZDDO-F),14. 11. 1997
1966-07-0204,Pravilnik o varstvu pri nakladanju in razkladanju tovornih motornih vozil,27. 4. 1966
1979-04-0758,Pravilnik o varstvu pri delu v gozdarstvu,18. 5. 1979
2025-01-0863,Zakon o spremembah in dopolnitvah Zakona o evidencah na področju dela in socialne varnosti (ZEPDSV-B),8. 4. 2025
2015-01-2775,Pravilnik o spremembah in dopolnitvah Pravilnika o standardih in normativih za izvajanje storitev za trg dela in metodologiji za oblikovanje cen teh storitev,25. 9. 2015
2011-01-3165,Pravilnik o standardih in normativih za izvajanje storitev za trg dela in metodologiji za oblikovanje cen teh storitev,23. 9. 2011
2024-01-3730,"Odredba o spremembi Odredbe o določitvi poklicev, v katerih zaposlitev tujca nivezana na trg dela",27. 12. 2024
2024-01-3423,"Razlaga Kolektivne pogodbe za dejavnost zdravstva in socialnega varstva Slovenije glede določbe tretje alineje 4. točke 38.člena KPZSV, ki se nanaša na delavčevo pravico do odsotnosti z dela s pravico do nadomestila plače, sprejete na 90. seji dne 22.11. 2024",17. 12. 2024
2024-01-3424,"Razlaga Kolektivne pogodbe za dejavnost zdravstva in socialnega varstva Slovenije glede določbe 90.člena v zvezi s 97.členom KPZSV, ki opredeljuje nadomestilo plače, sprejete na 90. seji dne 22.11. 2024",17. 12. 2024
2024-01-3425,"Razlaga Kolektivne pogodbe za dejavnost zdravstva in socialnega varstva Slovenije glede določbe šestega odstavka 9.člena Aneksa h KPZSV (Uradni list RS, št.88/21), ki se nanaša na pravico do jubilejne nagrade, sprejete na 90. seji dne 22.11. 2024",17. 12. 2024
1991-03-0746,Zakon o spremembi zakona o delavcih v državnih organih (ZDDO-B),27. 4. 1991
2011-01-2352,Zakon o evropskih svetih delavcev (ZESD-1),24. 6. 2011
2024-01-3613,Aneks št. 8 h Kolektivni pogodbi grafične dejavnosti,23. 12. 2024
2024-01-3614,Dodatek št. 8 h Kolektivni pogodbi za dejavnost kovinskih materialov in livarn Slovenije,23. 12. 2024
2024-01-3737,Kolektivna pogodba dejavnosti gostinstva in turizma Slovenije,27. 12. 2024
2024-01-3738,Dogovor o zagotavljanju dnevnega in tedenskega počitka,27. 12. 2024
1991-03-0224,Zakon o spremembah in dopolnitvah zakona o delavcih v državnih organih (ZDDO-A),8. 2. 1991
1991-03-1011,Zakon o dopolnitvi zakona o delavcih v državnih organih (ZDDO-C),31. 5. 1991
1999-01-1875,Zakon o spremembi zakona o delavcih v državnih organih (ZDDO-G),21. 5. 1999
2020-01-0196,Zakon o spremembah in dopolnitvi Zakona o delavcih v državnih organih (ZDDO-H),7. 2. 2020
2006-01-5692,"Pravilnik o organizaciji, materialu in opremi za prvo pomoč na delovnem mestu",22. 12. 2006
2013-01-2544,"Aneks št. 11 k Tarifni prilogi h Kolektivni pogodbi časopisnoinformativne, založniške in knjigotrške dejavnosti",26. 7. 2013
2002-01-3227,Zakon o spremembah in dopolnitvah zakona o zdravniški službi (ZZdrS-A),26. 7. 2002
2003-01-0590,Zakon o spremembah in dopolnitvah zakona o zdravniški službi (ZZdrS-B),14. 2. 2003
2015-01-1930,"Zakon o zaposlovanju, samozaposlovanju in delu tujcev (ZZSDT)",30. 6. 2015
2016-01-1692,Uredba o spremembah in dopolnitvah Uredbe o plačah in drugih prejemkih javnih uslužbencev za delo v tujini,27. 5. 2016
2009-01-0486,Uredba o plačah in drugih prejemkih javnih uslužbencev za delo v tujini,20. 2. 2009
2025-01-0041,Aneks št. 16 h Kolektivni pogodbi javnega zavoda RTV Slovenija,10. 1. 2025
2025-01-0042,Aneks št. 8 h Kolektivni pogodbi za poklicne novinarje,10. 1. 2025
2015-01-0391,Razlaga Kolektivne pogodbe za kulturne dejavnosti v Republiki Sloveniji (KPK),20. 2. 2015
2006-01-0643,Pravilnik o varovanju delavcev pred tveganji zaradi izpostavljenosti hrupu pri delu,17. 2. 2006
2025-01-1902,Zakon o uveljavljanju delnega povračila nadomestila plače za skrajšani delovni čas (ZUDPNP),27. 6. 2025
2025-01-0250,Odredba o uskladitvi najnižje bruto urne postavke za opravljeno uro začasnih in občasnih del,7. 2. 2025
2025-01-0241,"Pravilnik o metodologiji za posredovanje in analizo podatkov o plačah, drugih izplačilih in številu zaposlenih v javnem sektorju",5. 2. 2025
2025-01-0372,Odredba o višini urne postavke in višini dohodka za opravljeno začasno ali občasno delo upokojencev,21. 2. 2025
2015-01-2731,Pravilnik o načinu in postopku preverjanja in potrjevanja nacionalnih poklicnih kvalifikacij,18. 9. 2015
2020-01-3216,Pravilnik o spremembah in dopolnitvah Pravilnika o načinu in postopku preverjanja in potrjevanja nacionalnih poklicnih kvalifikacij,10. 12. 2020
2022-01-2983,Pravilnik o spremembi Pravilnika o načinu in postopku preverjanja in potrjevanja nacionalnih poklicnih kvalifikacij,5. 10. 2022
2015-01-3517,Pravilnik o spremembi Pravilnika za opravljanje dejavnosti zagotavljanja dela delavcev uporabniku,27. 11. 2015
2014-01-0507,Pravilnik za opravljanje dejavnosti zagotavljanja dela delavcev uporabniku,28. 2. 2014
2004-01-4349,Pravilnik o varnosti in zdravju pri uporabi delovne opreme,17. 9. 2004
1991-03-0223,Zakon o zaposlovanju in zavarovanju za primer brezposelnosti (ZZZPB),8. 2. 1991
2001-01-0364,Pravilnik o varnosti in zdravju pri delu na ribiških ladjah,26. 1. 2001
2005-01-1399,Pravilnik o spremembah in dopolnitvah Pravilnika o varnosti in zdravju pri delu na ribiških ladjah,19. 4. 2005
2025-01-0360,Aneks št. 3 h Kolektivni pogodbi za poštne in kurirske dejavnosti,18. 2. 2025
2008-01-2896,"Aneks št. 3 h Kolektivni pogodbi za raziskovalno dejavnost (Uradni list RS, št. 45/92, 50/92, 5/93, 50/94, 45/96, 51/98, 73/98, 106/99, 107/00, 64/01, 84/01 in 85/01)",4. 7. 2008
2025-01-0559,Odredba o višini prispevkov za osebno dopolnilno delo,14. 3. 2025
2025-01-0440,Dodatek št. 19 h Kolektivni pogodbi za dejavnost elektroindustrije Slovenije,28. 2. 2025
1991-07-0297,Zakon o stavki (ZStk),5. 4. 1991
2010-01-4304,Zakon o urejanju trga dela (ZUTD),12. 10. 2010
2025-01-0606,"Razlage Aneksa k Posebnemu tarifnemu delu Kolektivne pogodbe za zdravnike in zobozdravnike v Republiki Sloveniji (Uradni list RS, št. 99/24)",21. 3. 2025
2025-01-0605,"Razlaga Kolektivne pogodbe za dejavnost zdravstva in socialnega varstva Slovenije glede določbe tretjega odstavka 29. člena KPZSV (Uradni list RS, št. 15/94) v povezavi s tretjo alinejo 4. točke 36. člena KPZSV (Uradni list RS, št. 15/94), ki se nanaša na pravico do strokovne priprave in pravico do letnega dopusta iz naslova odgovornosti za diagnostiko in terapijo, sprejete na 91. seji dne 20. 3. 2025",21. 3. 2025
2007-01-1283,Zakon o spremembah in dopolnitvah Zakona o sodelovanju delavcev pri upravljanju (ZSDU-B),23. 3. 2007
2007-01-2286,Zakon o sodelovanju delavcev pri upravljanju (uradno prečiščeno besedilo) (ZSDU-UPB1),15. 5. 2007
2008-01-3024,Aneks h Kolektivni pogodbi javnega zavoda RTV Slovenija,8. 7. 2008
2018-01-2312,Aneks št. 5 h Kolektivni pogodbi javnega zavoda RTV Slovenija in razlaga Aneksa št. 5 h Kolektivni pogodbi javnega zavoda RTV Slovenija,4. 7. 2018
2020-01-1870,Aneks št. 8 h Kolektivni pogodbi javnega zavoda RTV Slovenija,17. 7. 2020
2021-01-1851,Aneks št. 11 h Kolektivni pogodbi javnega zavoda RTV Slovenija,3. 6. 2021
2021-01-4226,Pristop h Kolektivni pogodbi JZ RTV Slovenija,29. 12. 2021
2025-01-1339,Uredba o spremembah in dopolnitvah Uredbe o delu plače za delovno uspešnost iz naslova prodaje blaga in storitev na trgu,9. 5. 2025
2025-01-0684,Aneks št. 4 h kolektivni pogodbi za poštne in kurirske dejavnosti,28. 3. 2025
2015-01-0176,Odpoved Kolektivne pogodbe za lesarstvo,30. 1. 2015
2007-01-3303,Pravilnik o pogojih za določitev bolezni zaradi izpostavljenosti azbestu in merilih za določitev višine odškodnine,10. 7. 2007
1999-01-4280,Pravilnik o zahtevah za zagotavljanje varnosti in zdravja delavcev na delovnih mestih,4. 11. 1999
2025-01-2488,Zakon o spremembah in dopolnitvah Zakona o urejanju trga dela (ZUTD-I),19. 9. 2025
2013-01-3448,Pravilnik o izboru in sofinanciranju programov javnih del,22. 11. 2013
2015-01-0175,Kolektivna pogodba za kovinsko industrijo Slovenije,30. 1. 2015
2017-01-0279,Dodatek št. 1 h Kolektivni pogodbi za kovinsko industrijo Slovenije,10. 2. 2017
2017-01-3107,Dodatek št. 2 h Kolektivni pogodbi za kovinsko industrijo Slovenije,24. 11. 2017
2018-01-4016,Dodatek št. 3 h Kolektivni pogodbi za kovinsko industrijo Slovenije,21. 12. 2018
2022-01-0252,Dodatek št. 4 h Kolektivni pogodbi za kovinsko industrijo Slovenije,4. 2. 2022
2022-01-1808,Dodatek št. 5 h Kolektivni pogodbi za kovinsko industrijo Slovenije,3. 6. 2022
2023-01-2810,Dodatek št. 6 h Kolektivni pogodbi za kovinsko industrijo Slovenije,29. 9. 2023
2019-01-1053,Pristop k Dodatku št. 3 h Kolektivni pogodbi za kovinsko industrijo Slovenije,12. 4. 2019
2004-01-0802,Razlaga in priporočilo kolektivne pogodbe med delavci in družbami drobnega gospodarstva,27. 2. 2004
2010-01-4958,Kolektivna pogodba med delavci in družbami drobnega gospodarstva (KPdg),26. 11. 2010
2002-01-0353,Ugotovitveni sklep,25. 1. 2002
2015-01-4336,Aneks h Kolektivni pogodbi za kulturne dejavnosti v Republiki Sloveniji,30. 12. 2015
2017-01-2249,Aneks h Kolektivni pogodbi za kulturne dejavnosti v Republiki Sloveniji,29. 8. 2017
2018-01-3875,Aneks h Kolektivni pogodbi za kulturne dejavnosti v Republiki Sloveniji,7. 12. 2018
2020-01-2798,Aneks h Kolektivni pogodbi za kulturne dejavnosti v Republiki Sloveniji,6. 11. 2020
2021-01-1844,Aneks h Kolektivni pogodbi za kulturne dejavnosti v Republiki Sloveniji,3. 6. 2021
2022-01-0795,Razlaga Kolektivne pogodbe za kulturne dejavnosti v Republiki Sloveniji (KPK),23. 3. 2022
2022-01-3320,Aneks h Kolektivni pogodbi za kulturne dejavnosti v Republiki Sloveniji,25. 10. 2022
1996-01-2583,Spremembe in dopolnitve kolektivne pogodbe za kulturne dejavnosti v Republiki Sloveniji,26. 7. 1996
1999-01-3921,Spremembe in dopolnitve kolektivne pogodbe za kulturne dejavnosti v Republiki Sloveniji,8. 10. 1999
2000-01-4283,Spremembe in dopolnitve kolektivne pogodbe za kulturne dejavnosti v Republiki Sloveniji,10. 11. 2000
2001-01-2816,Spremembe in dopolnitve kolektivne pogodbe za kulturne dejavnosti v Republiki Sloveniji,22. 6. 2001
2008-01-2580,Aneks h Kolektivni pogodbi za kulturne dejavnosti v Republiki Sloveniji,16. 6. 2008
2009-01-1440,Spremembe in dopolnitve Kolektivne pogodbe za kulturne dejavnosti v Republiki Sloveniji,24. 4. 2009
2009-01-1441,Aneks h Kolektivni pogodbi za kulturne dejavnosti v Republiki Sloveniji,24. 4. 2009
2013-01-1773,Aneks h Kolektivni pogodbi za kulturne dejavnosti v Republiki Sloveniji,29. 5. 2013
2010-01-0926,Razlaga Kolektivne pogodbe za kulturne dejavnosti v Republiki Sloveniji (KPK),19. 3. 2010
2010-01-0927,Razlaga kolektivne pogodbe za kulturne dejavnosti v Republiki Sloveniji,19. 3. 2010
2012-01-2136,Razlaga Kolektivne pogodbe za kulturne dejavnosti v Republiki Sloveniji (KPK),6. 7. 2012
2017-01-2028,Pristop h Kolektivni pogodbi za kulturne dejavnosti v Republiki Sloveniji,21. 7. 2017
2023-01-1263,Pristop k že sklenjeni Kolektivni pogodbi za kulturne dejavnosti v Republiki Sloveniji in vsem njenim aneksom,14. 4. 2023
2015-01-0561,Aneks k tarifni prilogi h Kolektivni pogodbi za dejavnosti pridobivanja in predelave nekovinskih rudnin Slovenije,6. 3. 2015
2013-01-2080,Kolektivna pogodba za dejavnosti pridobivanja in predelave nekovinskih rudnin Slovenije,28. 6. 2013
2017-01-2703,Kolektivna pogodba za lesarstvo,20. 10. 2017
2025-01-1305,Aneks številka 3 h Kolektivni pogodbi za cestni potniški promet Slovenije,9. 5. 2025
2017-01-2089,Kolektivna pogodba elektrogospodarstva Slovenije,28. 7. 2017
2019-01-1456,Kolektivna pogodba premogovništva Slovenije,17. 5. 2019
2014-01-4072,Zakon o spremembah in dopolnitvah Zakona o matični evidenci zavarovancev in uživalcev pravic iz obveznega pokojninskega in invalidskega zavarovanja (ZMEPIZ-1A),30. 12. 2014
2013-01-4125,Zakon o matični evidenci zavarovancev in uživalcev pravic iz obveznega pokojninskega in invalidskega zavarovanja (ZMEPIZ-1),27. 12. 2013
2025-01-1367,"Razlage Kolektivne pogodbe za zaposlene v zdravstveni negi, sprejete na 43. seji dne 11. 4. 2025",16. 5. 2025
2025-01-1364,"Razlaga Aneksa h Kolektivni pogodbi zdravstva in socialnega varstva Slovenije (Uradni list RS, št. 165/22) glede 12. člena, ki se nanaša na kriterije za zasedbo delovnega mesta laboratorijski tehnik s posebnimi znanji, sprejeti na 87. seji dne 13. 10. 2023",16. 5. 2025
2025-01-1363,"Razlaga Kolektivne pogodbe zdravstva in socialnega varstva Slovenije glede 115. člena, ki se nanaša na plačo sindikalnega zaupnika, sprejete na 91. seji dne 20. 3. 2025",16. 5. 2025
2025-01-1365,"Razlaga Aneksa h Kolektivni pogodbi zdravstva in socialnega varstva Slovenije (Uradni list RS, št. 99/24 s popravki) glede 16. člena, ki se nanaša na kriterije za razvrščanje na stopnjevana delovna mesta klinični psiholog specialist, in glede 17. člena, ki se nanaša na kriterije za razvrščanje na delovno mesto višji klinični psiholog specialist, sprejete na 91. seji dne 20. 3. 2025",16. 5. 2025
2025-01-1366,"Razlaga Aneksa h Kolektivni pogodbi zdravstva in socialnega varstva Slovenije (Uradni list RS, št. 99/24 s popravki) glede 14. člena, ki se nanaša na kriterije za razvrščanje na stopnjevana delovna mesta specialist klinične logopedije, in glede 15. člena, ki se nanaša na kriterije za razvrščanje na delovno mesto višji specialist klinične logopedije, sprejete na 91. seji dne 20. 3. 2025",16. 5. 2025
2025-01-1425,"Razlage Aneksa k Posebnemu tarifnemu delu Kolektivne pogodbe za zdravnike in zobozdravnike v Republiki Sloveniji (Uradni list RS, št. 99/24)",23. 5. 2025
2025-01-1426,"Razlage Aneksa k Posebnemu tarifnemu delu Kolektivne pogodbe za zdravnike in zobozdravnike v Republiki Sloveniji (Uradni list RS, št. 16/17)",23. 5. 2025
2001-01-1489,"Aneks, št. 1 k tarifni prilogi h kolektivni pogodbi časopisno-informativne, založniške in knjigotrške dejavnosti",5. 4. 2001
2004-01-4827,"Tarifna priloga h kolektivni pogodbi časopisno-informativne, založniške in knjigotrške dejavnosti Slovenije",29. 10. 2004
2005-01-3539,"Aneks št. 1 k tarifni prilogi h Kolektivni pogodbi časopisno-informativne, založniške in knjigotrške dejavnosti",26. 8. 2005
2006-01-4075,"Aneks št. 2 k tarifni prilogi h Kolektivni pogodbi časopisno-informativne, založniške in knjigotrške dejavnosti",12. 9. 2006
2006-01-5043,"Aneks št. 3 h Kolektivni pogodbi časopisno-informativne, založniške in knjigotrške dejavnosti",17. 11. 2006
2007-01-0458,"Aneks št. 4 k Tarifni prilogi h Kolektivni pogodbi časopisno-informativne, založniške in knjigotrške dejavnosti",6. 2. 2007
2007-01-4621,"Aneks št. 5 k Tarifni prilogi h Kolektivni pogodbi časopisno-informativne, založniške in knjigotrške dejavnosti",12. 10. 2007
2008-01-1434,"Aneks št. 6 k Tarifni prilogi h Kolektivni pogodbi časopisno-informativne, založniške in knjigotrške dejavnosti",9. 4. 2008
2008-01-4118,"Aneks št. 7 k Tarifni prilogi h Kolektivni pogodbi časopisno-informativne, založniške in knjigotrške dejavnosti",10. 10. 2008
2010-01-0270,"Aneks št. 8 k Tarifni prilogi h Kolektivni pogodbi časopisno-informativne, založniške in knjigotrške dejavnosti",5. 2. 2010
2011-01-2537,"Aneks št. 9 k Tarifni prilogi h Kolektivni pogodbi časopisno-informativne, založniške in knjigotrške dejavnosti",8. 7. 2011
2012-01-0668,"Aneks h Kolektivni pogodbi časopisno-informativne, založniške in knjigotrške dejavnosti",5. 3. 2012
2012-01-0669,"Aneks št. 10 k Tarifni prilogi h Kolektivni pogodbi časopisno-informativne, založniške in knjigotrške dejavnosti",5. 3. 2012
2016-01-3587,"Aneks št. 12 k Tarifni prilogi h Kolektivni pogodbi časopisno-informativne, založniške in knjigotrške dejavnosti",23. 12. 2016
2018-01-2834,"Aneks št. 13 k Tarifni prilogi h Kolektivni pogodbi časopisno-informativne, založniške in knjigotrške dejavnosti",24. 8. 2018
2020-01-3036,"Aneks h Kolektivni pogodbi časopisno-informativne, založniške in knjigotrške dejavnosti",27. 11. 2020
2021-01-2237,"Aneks št. 15 k Tarifni prilogi h Kolektivni pogodbi časopisno-informativne, založniške in knjigotrške dejavnosti",2. 7. 2021
2022-01-2553,"Aneks št. 16 k Tarifni prilogi h Kolektivni pogodbi časopisno-informativne, založniške in knjigotrške dejavnosti",29. 7. 2022
2023-01-1710,"Aneks h Kolektivni pogodbi časopisno-informativne, založniške in knjigotrške dejavnosti",19. 5. 2023
2023-01-1711,"Aneks št. 17 k Tarifni prilogi h Kolektivni pogodbi časopisno-informativne, založniške in knjigotrške dejavnosti",19. 5. 2023
2004-01-1453,"Razlaga kolektivne pogodbe časopisnoinformativne, založniške in knjigotrške dejavnosti",6. 4. 2004
2017-01-1869,Razlaga Kolektivne pogodbe za kmetijstvo in živilsko industrijo Slovenije,7. 7. 2017
2008-01-2579,"Aneks h Kolektivni pogodbi za dejavnost vzgoje in izobraževanja v Republiki Sloveniji (Uradni list RS, št. 52/94, 49/95, 34/96, 45/96, 51/98, 28/99, 39/00, 56/01, 64/01, 78/01 in 56/02)",16. 6. 2008
2008-01-2165,Pravilnik o dodeljevanju Zoisovih štipendij,23. 5. 2008
2009-01-2267,Pravilnik o spremembah in dopolnitvah Pravilnika o dodeljevanju Zoisovih štipendij,15. 6. 2009
2016-01-2870,Kolektivna pogodba za dejavnost poslovanja z nepremičninami,28. 10. 2016
2018-01-1570,Pristop h Kolektivni pogodbi za dejavnost poslovanja z nepremičninami,18. 5. 2018
2016-01-2168,Uredba o varovanju delavcev pred tveganji zaradi izpostavljenosti elektromagnetnim sevanjem,8. 7. 2016
2025-01-2017,"Odredba o spremembi Odredbe o določitvi poklicev, v katerih zaposlitev tujca nivezana na trg dela",30. 6. 2025
2014-01-3964,Aneks h Kolektivni pogodbi za negospodarske dejavnosti v Republiki Sloveniji,29. 12. 2014
2015-01-3608,Aneks h Kolektivni pogodbi za negospodarske dejavnosti v Republiki Sloveniji,30. 11. 2015
2013-01-1766,Aneks h Kolektivni pogodbi za negospodarske dejavnosti v Republiki Sloveniji,29. 5. 2013
2000-01-0141,Ugotovitveni sklep,14. 1. 2000
1992-01-2360,Stališča komisije za razlago kolektivne pogodbe,23. 10. 1992
2001-01-0486,Ugotovitveni sklep,2. 2. 2001
2016-01-2124,Razlaga Aneksa h Kolektivni pogodbi za negospodarske dejavnosti v Republiki Sloveniji,8. 7. 2016
2016-01-3937,Aneks h Kolektivni pogodbi za negospodarske dejavnosti v Republiki Sloveniji,30. 12. 2016
2017-01-1865,Razlaga Aneksa h Kolektivni pogodbi za negospodarske dejavnosti v Republiki Sloveniji (v nadaljnjem besedilu: aneks h KPND),7. 7. 2017
2017-01-1866,Razlaga Aneksa h Kolektivni pogodbi za negospodarske dejavnosti v Republiki Sloveniji (v nadaljnjem besedilu: Aneks h KPND),7. 7. 2017
2019-01-0240,Razlaga Aneksa h Kolektivni pogodbi za negospodarske dejavnosti v Republiki Sloveniji (v nadaljnjem besedilu: aneks h KPND),1. 2. 2019
2019-01-1435,Aneks h Kolektivni pogodbi za negospodarske dejavnosti v Republiki Sloveniji,16. 5. 2019
2020-01-1260,Razlaga Aneksa h Kolektivni pogodbi za negospodarske dejavnosti v Republiki Sloveniji,5. 6. 2020
2020-01-1828,Aneks h Kolektivni pogodbi za negospodarske dejavnosti v Republiki Sloveniji,10. 7. 2020
2021-01-1850,Aneks h Kolektivni pogodbi za negospodarske dejavnosti v Republiki Sloveniji,3. 6. 2021
2021-01-3374,Razlaga Aneksa h Kolektivni pogodbi za negospodarske dejavnosti v Republiki Sloveniji,29. 10. 2021
2022-01-1278,Razlaga Aneksa h Kolektivni pogodbi za negospodarske dejavnosti v Republiki Sloveniji,29. 4. 2022
2022-01-3306,Aneks h Kolektivni pogodbi za negospodarske dejavnosti v Republiki Sloveniji,25. 10. 2022
2024-01-0304,Aneks h Kolektivni pogodbi za negospodarske dejavnosti v Republiki Sloveniji,9. 2. 2024
1992-01-2452,Kolektivna pogodba za negospodarske dejavnosti v Republiki Sloveniji,6. 11. 1992
1993-01-1437,Kolektivna pogodba za negospodarske dejavnosti,24. 6. 1993
1994-01-0472,"Aneks h kolektivni pogodbi za negospodarske dejavnosti (Uradni list RS, št. 34/93)",4. 3. 1994
1994-01-1139,"Aneks h kolektivni pogodbi za negospodarske dejavnosti (Uradni list RS, št. 34/93)",20. 5. 1994
1994-01-2075,Aneks h kolektivni pogodbi za negospodarske dejavnosti,30. 9. 1994
1994-01-2910,Aneks h kolektivni pogodbi za negospodarske dejavnosti,23. 12. 1994
1995-01-2960,"Aneks h kolektivni pogodbi za negospodarske dejavnosti (Uradni list RS, št. 34/93)",10. 11. 1995
1997-01-1135,Ugotovitveni sklep izhodiščne plače za prvi tarifni razred,4. 4. 1997
1997-01-2116,Aneks h kolektivni pogodbi za negospodarske dejavnosti,20. 6. 1997
1998-01-0150,Spremembe in dopolnitve kolektivne pogodbe za negospodarske dejavnosti v Republiki Sloveniji,17. 1. 1998
1998-01-0151,Aneks h kolektivni pogodbi za negospodarske dejavnosti,17. 1. 1998
1999-01-1976,Aneks h kolektivni pogodbi za negospodarske dejavnosti v Republiki Sloveniji,25. 5. 1999
2001-01-4874,Aneks h kolektivni pogodbi za negospodarske dejavnosti v Republiki Sloveniji,7. 12. 2001
2003-01-3577,Aneks h kolektivni pogodbi za negospodarske dejavnosti v Republiki Sloveniji,29. 7. 2003
2005-01-5096,Aneks h Kolektivni pogodbi za negospodarske dejavnosti v Republiki Sloveniji,20. 12. 2005
2007-01-3625,Aneks h Kolektivni pogodbi za negospodarske dejavnosti v Republiki Sloveniji,20. 7. 2007
2018-01-3867,Aneks h Kolektivni pogodbi za negospodarske dejavnosti v Republiki Sloveniji,7. 12. 2018
1997-01-0090,Ugotovitveni sklep izhodiščnih plač za prvi tarifni razred,10. 1. 1997
1999-01-2836,Ugotovitveni sklep za določitev dnevnic za službeno potovanje v državi,23. 7. 1999
2000-01-3194,Razlaga kolektivne pogodbe za negospodarske dejavnosti v Republiki Sloveniji,28. 7. 2000
2000-01-3727,Razlaga kolektivne pogodbe za negospodarske dejavnosti v Republiki Sloveniji (KPnd),15. 9. 2000
2000-01-4863,"Ugotovitveni sklep o izhodiščni plači za prvi tarifni razred (količnik 1,00) za negospodarske dejavnosti",15. 12. 2000
2001-01-0487,Ugotovitveni sklep,2. 2. 2001
2001-01-1375,Razlaga kolektivne pogodbe za negospodarske dejavnosti v Republiki Sloveniji,30. 3. 2001
2001-01-2441,Razlaga kolektivne pogodbe za negospodarske dejavnosti v Republiki Sloveniji (KPnd),31. 5. 2001
2001-01-2442,Razlaga kolektivne pogodbe za negospodarske dejavnosti v Republiki Sloveniji (KPnd),31. 5. 2001
2001-01-2443,Razlaga kolektivne pogodbe za negospodarske dejavnosti v Republiki Sloveniji (KPnd),31. 5. 2001
2001-01-2444,Razlaga kolektivne pogodbe za negospodarske dejavnosti v Republiki Sloveniji (KPnd),31. 5. 2001
2002-01-0427,Ugotovitveni sklep,4. 2. 2002
2002-01-0830,Razlaga kolektivne pogodbe za negospodarske dejavnosti v Republiki Sloveniji (KPnd),1. 3. 2002
2002-01-0831,Razlaga kolektivne pogodbe za negospodarske dejavnosti v Republiki Sloveniji (KPnd),1. 3. 2002
2002-01-0832,Razlaga kolektivne pogodbe za negospodarske dejavnosti v Republiki Sloveniji (KPnd),1. 3. 2002
2002-01-3287,Ugotovitveni sklep o višini dnevnice za službena potovanja v državi,2. 8. 2002
2003-01-0285,Ugotovitveni sklep o izhodiščni plači za prvi tarifni razred,24. 1. 2003
2003-01-0286,Ugotovitveni sklep za regres za letni dopust za leto 2003,24. 1. 2003
2003-01-0287,Ugotovitveni sklep za dnevnice za službeno potovanje v državi,24. 1. 2003
2013-01-3891,Razlaga Aneksa h Kolektivni pogodbi za negospodarske dejavnosti v Republiki Sloveniji (KPND),20. 12. 2013
2020-01-0846,Pristop k Aneksu h Kolektivni pogodbi za negospodarske dejavnosti v Republiki Sloveniji,24. 4. 2020
2020-01-0847,Pristop k Aneksu h Kolektivni pogodbi za negospodarske dejavnosti v Republiki Sloveniji,24. 4. 2020
2023-01-1142,"Zakon o spremembah in dopolnitvah Zakona o zaposlovanju, samozaposlovanju in delu tujcev (ZZSDT-D)",7. 4. 2023
2025-01-1676,Dodatek št. 20 h Kolektivni pogodbi za dejavnost elektroindustrije Slovenije,13. 6. 2025
2001-01-5230,Razlaga kolektivne pogodbe med delavci in družbami drobnega gospodarstva,27. 12. 2001
2017-01-2772,"Zakon o spremembah in dopolnitvah Zakona o zaposlovanju, samozaposlovanju in delu tujcev (ZZSDT-A)",27. 10. 2017
2025-01-1918,Aneks št. 8 h Kolektivni pogodbi elektrogospodarstva Slovenije,27. 6. 2025
2025-01-1919,Aneks št. 10 h Kolektivni pogodbi za papirno in papirno-predelovalno dejavnost,27. 6. 2025
2025-01-1920,Dodatek št. 9 h Kolektivni pogodbi za dejavnost kovinskih materialov in livarn Slovenije,27. 6. 2025
2024-01-0819,Uredba o spremembah in dopolnitvah Uredbe o plačah in drugih prejemkih javnih uslužbencev za delo v tujini,29. 3. 2024
2025-01-2379,Pravilnik o spremembah Pravilnika o opravljanju strokovnega izpita iz varnosti in zdravja pri delu,22. 8. 2025
2025-01-2149,Pravilnik o dopolnitvah Pravilnika o zahtevah za zagotavljanje varnosti in zdravja delavcev na delovnih mestih,11. 7. 2025
2025-01-2046,"Kolektivna pogodba za tekstilne, oblačilne, usnjarske in usnjarsko-predelovalne dejavnosti Slovenije (KPtoupd)",4. 7. 2025
2026-01-0092,Pravilnik o varovanju delavcev pred tveganji zaradi izpostavljenosti azbestu pri delu,16. 1. 2026
2017-01-0106,Pristop h Kolektivni pogodbi za zdravnike in zobozdravnike v Republiki Sloveniji,20. 1. 2017
2021-01-1154,"Zakon o spremembah in dopolnitvah Zakona o zaposlovanju, samozaposlovanju in delu tujcev (ZZSDT-C)",12. 4. 2021
2011-01-0819,Zakon o socialnem podjetništvu (ZSocP),18. 3. 2011
2014-01-1914,Zakon o spremembah Zakona o subvencioniranju študentske prehrane (ZSŠP-C),23. 6. 2014
2019-01-3499,Uredba o dopolnitvah Uredbe o plačah in drugih prejemkih javnih uslužbencev za delo v tujini,20. 12. 2019
1969-07-0289,"Zakon o dopolnitvi zakona o delovnih mestih, na katerih se zavarovalna doba šteje s povečanjem",8. 5. 1969
1971-07-0354,"Zakon spremembah in dopolnitvah zakona o delovnih mestih, na katerih se zavarovalna doba šteje s povečanjem",8. 7. 1971
1999-01-4968,Spremembe in dopolnitve kolektivne pogodbe za raziskovalno dejavnost,23. 12. 1999
2017-01-3738,Kolektivna pogodba grafične dejavnosti,27. 12. 2017
2025-01-2954,Zakon o dopolnitvi Zakona o spremembah in dopolnitvah Zakona o urejanju trga dela (ZUTD-J),28. 10. 2025
1993-01-0158,Dopolnitev kolektivne pogodbe za raziskovalno dejavnost,22. 1. 1993
1998-01-2322,Spremembe in dopolnitve kolektivne pogodbe za raziskovalno dejavnost,17. 7. 1998
2014-01-3249,Kolektivna pogodba za dejavnost kovinskih materialov in livarn Slovenije,30. 10. 2014
1995-01-2660,Aneks h kolektivni pogodbi za dejavnost zdravstva in socialnega varstva Slovenije,6. 10. 1995
1996-01-1140,Spremembe in dopolnitve kolektivne pogodbe za dejavnost zdravstva in socialnega varstva Slovenije,5. 4. 1996
1998-01-3839,Aneks h kolektivni pogodbi za dejavnost zdravstva in socialnega varstva Slovenije,6. 11. 1998
2008-01-2582,"Aneks h Kolektivni pogodbi za dejavnost zdravstva in socialnega varstva Slovenije (Uradni list RS, št. 15/94, 57/95, 19/96, 56/98, 76/98, 102/00 in 62/01)",16. 6. 2008
2025-01-2809,Pravilnik o spremembah Pravilnika za opravljanje dejavnosti zagotavljanja dela delavcev uporabniku,17. 10. 2025
2008-01-3928,Pravilnik o spremembah in dopolnitvah Pravilnika o pogojih za določitev bolezni zaradi izpostavljenosti azbestu in merilih za določitev višine odškodnine,30. 9. 2008
2018-01-3538,Aneks št. 3 h Kolektivni pogodbi za poklicne novinarje (KPPN),16. 11. 2018
2021-01-2010,Aneks št. 6 h Kolektivni pogodbi za poklicne novinarje,11. 6. 2021
2023-01-1077,Aneks št. 7 h Kolektivni pogodbi za poklicne novinarje,31. 3. 2023
2008-01-2584,"Aneks h Kolektivni pogodbi za poklicne novinarje (Uradni list RS, št. 31/91)",16. 6. 2008
2014-01-1177,Aneks št. 2 h Kolektivni pogodbi za poklicne novinarje,18. 4. 2014
2019-01-0035,Aneks št. 4 h Kolektivni pogodbi za poklicne novinarje,11. 1. 2019
2020-01-1872,Aneks št. 5 h Kolektivni pogodbi za poklicne novinarje,17. 7. 2020
2005-01-4368,Razlage h kolektivni pogodbi za poklicne novinarje,10. 11. 2005
2000-01-3627,"Aneks h kolektivni pogodbi celulozne, papirne in papirno predelovalne dejavnosti",1. 9. 2000
2004-01-1454,"Razlaga kolektivne pogodbe celulozne, papirne in papirno predelovalne dejavnosti",6. 4. 2004
2004-01-4354,"Tarifna priloga h Kolektivni pogodbi celulozne, papirne in papirno-predelovalne dejavnosti",17. 9. 2004
2006-01-3943,"Aneks št. 2 k tarifni prilogi h Kolektivni pogodbi celulozne, papirne in papirno-predelovalne dejavnosti (Uradni list RS, št. 101/04, 79/05)",28. 8. 2006
2007-01-0460,"Aneks št. 3 k Tarifni prilogi h Kolektivni pogodbi celulozne, papirne in papirno-predelovalne dejavnosti",6. 2. 2007
2008-01-0504,"Aneks št. 5 k Tarifni prilogi h Kolektivni pogodbi celulozne, papirne in papirno predelovalne dejavnosti",15. 2. 2008
2008-01-3704,"Aneks št. 6 k Tarifni prilogi h Kolektivni pogodbi celulozne, papirne in papirno predelovalne dejavnosti",29. 8. 2008
2008-01-4143,"Odpoved Kolektivne pogodbe celulozne, papirne in papirno predelovalne dejavnosti",10. 10. 2008
2002-01-1796,"Aneks št. 1 k tarifni prilogi kolektivne pogodbe celulozne, papirne in papirno predelovalne dejavnosti",26. 4. 2002
2007-01-4310,"Aneks št. 4 k Tarifni prilogi h Kolektivni pogodbi celulozne, papirne in papirno predelovalne dejavnosti",24. 9. 2007
2017-01-2246,Aneks h Kolektivni pogodbi za zaposlene v zdravstveni negi,29. 8. 2017
2017-01-2794,"Razlage Kolektivne pogodbe za zaposlene v zdravstveni negi, sprejete na 31. seji dne 10. 10. 2017",27. 10. 2017
2018-01-3871,Aneks h Kolektivni pogodbi za zaposlene v zdravstveni negi,7. 12. 2018
2019-01-0619,"Razlaga Kolektivne pogodbe za zaposlene v zdravstveni negi, sprejeta na 33. seji dne 11. 3. 2019",15. 3. 2019
2019-01-2577,"Razlaga Kolektivne pogodbe za zaposlene v zdravstveni negi, sprejeta na 36. seji dne 11. 9. 2019",27. 9. 2019
2020-01-0848,Razlaga Kolektivne pogodbe za zaposlene v zdravstveni negi,24. 4. 2020
2020-01-1167,"Razlaga Kolektivne pogodbe za zaposlene v zdravstveni negi, sprejeta na 38. seji dne 26. 5. 2020",29. 5. 2020
2020-01-2795,Aneks h Kolektivni pogodbi za zaposlene v zdravstveni negi,6. 11. 2020
2021-01-1845,Aneks h Kolektivni pogodbi za zaposlene v zdravstveni negi,3. 6. 2021
2022-01-1861,"Razlage Kolektivne pogodbe za zaposlene v zdravstveni negi, sprejete na 41. seji dne 24. 5. 2022",10. 6. 2022
2022-01-4239,Aneks h Kolektivni pogodbi za zaposlene v zdravstveni negi,29. 12. 2022
1998-01-3639,Aneks h kolektivni pogodbi za zaposlene v zdravstveni negi,30. 10. 1998
1999-01-3041,Aneks h kolektivni pogodbi za zaposlene v zdravstveni negi,6. 8. 1999
2000-01-3435,Aneks h kolektivni pogodbi za zaposlene v zdravstveni negi,19. 8. 2000
2008-01-2581,"Aneks h Kolektivni pogodbi za zaposlene v zdravstveni negi (Uradni list RS, št. 60/98, 73/98, 39/99, 63/99 in 73/00)",16. 6. 2008
2011-01-4800,Aneks h Kolektivni pogodbi za zaposlene v zdravstveni negi,29. 12. 2011
2013-01-1769,Aneks h Kolektivni pogodbi za zaposlene v zdravstveni negi,29. 5. 2013
2007-01-4714,Pristop h Kolektivni pogodbi za zaposlene v zdravstveni negi,16. 10. 2007
2011-01-0099,"Razlaga Kolektivne pogodbe za zaposlene v zdravstveni negi, sprejeta na 22. seji dne 23. 12. 2010",14. 1. 2011
2011-01-4619,Razlage Kolektivne pogodbe za zaposlene v zdravstveni negi,23. 12. 2011
2013-01-0073,"Razlaga Kolektivne pogodbe za zaposlene v zdravstveni negi, sprejete na 24. seji dne 11. 12. 2012 in 18. 12. 2012",11. 1. 2013
2013-01-0257,Razlaga Kolektivne pogodbe za zaposlene v zdravstveni negi,1. 2. 2013
2014-01-1539,"Razlage Kolektivne pogodbe za zaposlene v zdravstveni negi, sprejete na 26. seji dne 20. 5. 2014",30. 5. 2014
2016-01-3588,"Razlage Kolektivne pogodbe za zaposlene v zdravstveni negi, sprejete na 30. seji dne 16. 12. 2016",23. 12. 2016
2021-01-3497,Pristop k že sklenjenemu Aneksu h Kolektivni pogodbi za zaposlene v zdravstveni negi,12. 11. 2021
1991-01-0887,Spremembe in dopolnitve kolektivne pogodbe PTT prometa,6. 11. 1991
2025-01-3059,Odredba o spremembi in dopolnitvi Odredbe o višini urne postavke in višini dohodka za opravljeno začasno ali občasno delo upokojencev,7. 11. 2025
2025-01-3292,Pravilnik o spremembah in dopolnitvah Pravilnika o izboru in sofinanciranju programov javnih del,28. 11. 2025
2015-01-0293,"Razlage Kolektivne pogodbe za zdravnike in zobozdravnike v Republiki Sloveniji (KPZZ), sprejete na seji 3. septembra 2014 z nadaljevanjem 3. februarja 2015",13. 2. 2015
2016-01-0179,"Razlage Kolektivne pogodbe za zdravnike in zobozdravnike v Republiki Sloveniji (KPZZ), sprejete na seji 31. seji novembra 2015",22. 1. 2016
2016-01-0766,"Razlage Kolektivne pogodbe za zdravnike in zobozdravnike v Republiki Sloveniji (KPZZ), sprejete na seji 1. 3. 2016",18. 3. 2016
2016-01-2528,"Razlagi Kolektivne pogodbe za zdravnike in zobozdravnike v Republiki Sloveniji (KPZZ), sprejeti na seji 30. 8. 2016",16. 9. 2016
2017-01-2259,"Razlage Kolektivne pogodbe za zdravnike in zobozdravnike v Republiki Sloveniji (KPZZ), sprejete na seji 20. 7. 2017",29. 8. 2017
2017-01-2919,"Razlage Kolektivne pogodbe za zdravnike in zobozdravnike v Republiki Sloveniji (KPZZ), sprejete na seji 23. 10. 2017",2. 11. 2017
2017-01-3465,"Razlage Kolektivne pogodbe za zdravnike in zobozdravnike v Republiki Sloveniji (KPZZ), sprejete na seji 30. 11. 2017",15. 12. 2017
2018-01-3537,"Razlage Kolektivne pogodbe za zdravnike in zobozdravnike v Republiki Sloveniji (KPZZ), sprejete na seji dne 6. 11. 2018",16. 11. 2018
2018-01-3872,Aneks h Kolektivni pogodbi za zdravnike in zobozdravnike v Republiki Sloveniji,7. 12. 2018
2019-01-0524,"Razlaga Kolektivne pogodbe za zdravnike in zobozdravnike v Republiki Sloveniji (KPZZ), sprejeta na seji dne 29. 1. 2019",8. 3. 2019
2019-01-2767,"Razlaga Kolektivne pogodbe za zdravnike in zobozdravnike v Republiki Sloveniji (KPZZ), sprejeta na seji dne 8. 10. 2019",18. 10. 2019
2020-01-0416,"Razlagi Kolektivne pogodbe za zdravnike in zobozdravnike v Republiki Sloveniji (KPZZ), sprejeti na seji dne 25. 2. 2020",4. 3. 2020
2020-01-1362,"Razlagi Kolektivne pogodbe za zdravnike in zobozdravnike v Republiki Sloveniji (KPZZ), sprejeti na seji dne 19. 5. 2020",12. 6. 2020
2020-01-2211,"Razlage Kolektivne pogodbe za zdravnike in zobozdravnike v Republiki Sloveniji (KPZZ), sprejete na seji dne 8. 9. 2020",11. 9. 2020
2020-01-2794,Aneks h Kolektivni pogodbi za zdravnike in zobozdravnike v Republiki Sloveniji,6. 11. 2020
2021-01-1847,Aneks h Kolektivni pogodbi za zdravnike in zobozdravnike v Republiki Sloveniji,3. 6. 2021
2022-01-3309,Aneks h Kolektivni pogodbi za zdravnike in zobozdravnike v Republiki Sloveniji,25. 10. 2022
2023-01-2722,"Razlaga Posebnega tarifnega dela Kolektivne pogodbe za zdravnike in zobozdravnike v RS, sprejeta na seji dne 12. 9. 2023",15. 9. 2023
1994-01-0569,Aneks h kolektivni pogodbi za zdravnike in zobozdravnike v Republiki Sloveniji,18. 3. 1994
1996-01-1312,Aneks h kolektivni pogodbi za zdravnike in zobozdravnike v Republiki Sloveniji,19. 4. 1996
1998-01-1788,Aneks h kolektivni pogodbi za zdravnike in zobozdravnike v Republiki Sloveniji,22. 5. 1998
2000-01-4097,Aneks h kolektivni pogodbi za zdravnike in zobozdravnike v Republiki Sloveniji,20. 10. 2000
2012-01-0184,Posebni tarifni del Kolektivne pogodbe za zdravnike in zobozdravnike v Republiki Sloveniji,23. 1. 2012
2013-01-1770,Aneks h Kolektivni pogodbi za zdravnike in zobozdravnike v Republiki Sloveniji,29. 5. 2013
2001-01-3192,"Razlage kolektivne pogodbe za zdravnike in zobozdravnike v RS, sprejetih v letih 1994-2001",20. 7. 2001
2003-01-4055,Razlage kolektivne pogodbe za zdravnike in zobozdravnike v Republiki Sloveniji,5. 9. 2003
2004-01-0132,Razlaga kolektivne pogodbe za zdravnike in zobozdravnike v Republiki Sloveniji (KPZZ),16. 1. 2004
2005-01-2027,Razlage kolektivne pogodbe za zdravnike in zobozdravnike v Republiki Sloveniji,20. 5. 2005
2006-01-2384,"Razlage Kolektivne pogodbe za zdravnike in zobozdravnike v Republiki Sloveniji (KPZZ), sprejete na seji 28. marca 2006",2. 6. 2006
2009-01-2169,Razlaga Posebnega tarifnega dela Kolektivne pogodbe za zdravnike in zobozdravnike v Republiki Sloveniji,12. 6. 2009
2009-01-4262,Razlage posebnega tarifnega dela Kolektivne pogodbe za zdravnike in zobozdravnike v Republiki Sloveniji (KPZZ),30. 11. 2009
2010-01-1275,Razlage posebnega tarifnega dela Kolektivne pogodbe za zdravnike in zobozdravnike v Republiki Sloveniji (KPZZ),9. 4. 2010
2010-01-4840,"Razlage Kolektivne pogodbe za zdravnike in zobozdravnike v Republiki Sloveniji (KPZZ), sprejete na seji 26. oktobra 2010",15. 11. 2010
2012-01-0740,"Razlaga Kolektivne pogodbe za zdravnike in zobozdravnike v Republiki Sloveniji (KPZZ), sprejete na seji 28. februarja 2012",13. 3. 2012
2012-01-2303,"Razlaga Kolektivne pogodbe za zdravnike in zobozdravnike v Republiki Sloveniji (KPZZ), sprejete na seji 12. junija 2012",17. 7. 2012
2014-01-1538,"Razlage Kolektivne pogodbe za zdravnike in zobozdravnike v Republiki Sloveniji (KPZZ), sprejete na seji 25. marca 2014",30. 5. 2014
2018-01-2229,"Razlage Kolektivne pogodbe za zdravnike in zobozdravnike v Republiki Sloveniji (KPZZ), sprejete na seji dne 31. 5. 2018 in nadaljevanju seje dne 19. 6. 2018",29. 6. 2018
2019-01-1587,"Razlagi Kolektivne pogodbe za zdravnike in zobozdravnike v Republiki Sloveniji (KPZZ), sprejeti na seji dne 14. 5. 2019",31. 5. 2019
2021-01-3498,Pristop k že sklenjenemu Aneksu h Kolektivni pogodbi za zdravnike in zobozdravnike v Republiki Sloveniji,12. 11. 2021
1995-01-2313,Spremembe in dopolnitve kolektivne pogodbe za dejavnost vzgoje in izobraževanja v Republiki Sloveniji,25. 8. 1995
2016-01-2005,"Pristop k Aneksu h Kolektivni pogodbi za negospodarske dejavnosti v Republiki Sloveniji, kot kolektivni pogodbi z razširjeno veljavnostjo",30. 6. 2016
2017-01-1461,Pristop FIDES-a k Aneksu h Kolektivni pogodbi za negospodarske dejavnosti,2. 6. 2017
2018-01-1283,Pristop k že sklenjenemu Aneksu h Kolektivni pogodbi za negospodarske dejavnosti v Republiki Sloveniji,26. 4. 2018
1994-01-0568,"Priloga k aneksu h kolektivni pogodbi za negospodarske dejavnosti (Uradni list RS, št. 12/94)",18. 3. 1994
2002-01-3292,Ugotovitveni sklep o veljavnosti kolektivne pogodbe za lesarstvo Slovenije,2. 8. 2002
2010-01-2064,Odpoved Kolektivne pogodbe dejavnosti gostinstva in turizma Slovenije,21. 5. 2010
1992-01-0742,Spremembe in dopolnitve kolektivne pogodbe PTT prometa,27. 3. 1992
1993-01-1621,"Dopolnitve Kolektivne pogodbe PTT prometa (Ur. l. RS, 45/90, 22/91-I in 14/92)",15. 7. 1993
2015-01-4337,Aneks h Kolektivni pogodbi za raziskovalno dejavnost,30. 12. 2015
2017-01-2255,Aneks h Kolektivni pogodbi za raziskovalno dejavnost,29. 8. 2017
2018-01-3873,Aneks h Kolektivni pogodbi za raziskovalno dejavnost,7. 12. 2018
2020-01-2797,Aneks h Kolektivni pogodbi za raziskovalno dejavnost,6. 11. 2020
2021-01-1848,Aneks h Kolektivni pogodbi za raziskovalno dejavnost,3. 6. 2021
2022-01-3315,Aneks h Kolektivni pogodbi za raziskovalno dejavnost,25. 10. 2022
1994-01-1878,Spremembe in dopolnitve kolektivne pogodbe za raziskovalno dejavnost,12. 8. 1994
1996-01-2800,Spremembe in dopolnitve kolektivne pogodbe za raziskovalno dejavnost,19. 8. 1996
2000-01-4449,Spremembe in dopolnitve kolektivne pogodbe za raziskovalno dejavnost,23. 11. 2000
2001-01-4348,Spremembe in dopolnitve kolektivne pogodbe za raziskovalno dejavnost,26. 10. 2001
2008-01-2583,"Aneks h Kolektivni pogodbi za raziskovalno dejavnost (Uradni list RS, št. 45/92, 50/92, 5/93, 50/94, 45/96, 51/98, 73/98, 106/99, 107/00, 64/01, 84/01 in 85/01)",16. 6. 2008
2013-01-1772,Aneks h Kolektivni pogodbi za raziskovalno dejavnost,29. 5. 2013
2008-01-2587,Dogovor ob podpisu Aneksa h Kolektivni pogodbi za raziskovalno dejavnost,16. 6. 2008
2005-01-0457,Kolektivna pogodba za gozdarstvo Slovenije,18. 2. 2005
2025-01-3188,Aneks h Kolektivni pogodbi za negospodarske dejavnosti v Republiki Sloveniji,21. 11. 2025
2000-01-3708,Zakon o nacionalnih poklicnih kvalifikacijah (ZNPK),15. 9. 2000
2010-01-1776,Pravilnik o vodenju registra izvajalcev postopkov za ugotavljanje in potrjevanje nacionalnih poklicnih kvalifikacij,7. 5. 2010
2010-01-4273,Pravilnik o obrazcu javne listine o nacionalni poklicni kvalifikaciji – certifikatu in nadomestnem certifikatu,8. 10. 2010
2011-01-0653,Pravilnik o stalnem strokovnem usposabljanju članov komisij za preverjanje in potrjevanje nacionalnih poklicnih kvalifikacij,4. 3. 2011
2012-01-0006,Pravilnik o spremembi Pravilnika o obrazcu javne listine o nacionalni poklicni kvalifikaciji – certifikatu in nadomestnem certifikatu,6. 1. 2012
2026-01-0366,Pravilnik o izvajanju ukrepov aktivne politike zaposlovanja,13. 2. 2026
2006-01-5199,"Odpoved Kolektivne pogodbe za tekstilne, oblačilne, usnjarske in usnjarsko predelovalne dejavnosti in Tarifne priloge k tej kolektivni pogodbi",24. 11. 2006
2017-01-2247,Aneks h Kolektivni pogodbi za dejavnost zdravstva in socialnega varstva Slovenije,29. 8. 2017
2018-01-3878,Aneks h Kolektivni pogodbi za dejavnost zdravstva in socialnega varstva Slovenije,7. 12. 2018
2019-01-2575,"Razlage Kolektivne pogodbe za dejavnost zdravstva in socialnega varstva Slovenije, sprejete na 79. seji dne 11. 6. 2019",27. 9. 2019
2019-01-2576,"Razlaga Kolektivne pogodbe za dejavnost zdravstva in socialnega varstva Slovenije glede določb, ki se nanašajo na določanje letnega dopusta, sprejete na 78. seji dne 21. 5. 2019",27. 9. 2019
2020-01-1168,"Razlaga Kolektivne pogodbe za dejavnost zdravstva in socialnega varstva Slovenije glede določbe, ki se nanaša na pravico do izrednega letnega dopusta zaradi razglašene epidemije, sprejeti na 81. seji dne 6. 5. 2020 in dne 26. 5. 2020",29. 5. 2020
2020-01-2793,Aneks h Kolektivni pogodbi za dejavnost zdravstva in socialnega varstva Slovenije,6. 11. 2020
2021-01-0838,"Razlaga Kolektivne pogodbe za dejavnost zdravstva in socialnega varstva Slovenije glede določbe, ki se nanaša na odsotnost z dela z nadomestilom oziroma brez nadomestila plače, sprejeti na 82. seji dne 16. 1. 2021",19. 3. 2021
2021-01-1846,Aneks h Kolektivni pogodbi za dejavnost zdravstva in socialnega varstva Slovenije,3. 6. 2021
2022-01-3313,Aneks h Kolektivni pogodbi za dejavnost zdravstva in socialnega varstva Slovenije,25. 10. 2022
2022-01-3492,"Razlaga Kolektivne pogodbe za dejavnost zdravstva in socialnega varstva Slovenije glede določbe 101. člena, ki se nanaša na solidarnostno pomoč, sprejeta na 84. seji dne 29. 3. 2022 in 11. 4. 2022",11. 11. 2022
2022-01-4238,Aneks h Kolektivni pogodbi za dejavnost zdravstva in socialnega varstva Slovenije,29. 12. 2022
2023-01-3364,"Razlaga Kolektivne pogodbe za dejavnost zdravstva in socialnega varstva Slovenije glede določbe drugega odstavka 32.b člena, ki se nanaša na plačilo nadomestila plače za praznične dni, sprejeti na 87. seji dne 13. 10. 2023",17. 11. 2023
2023-01-3365,"Razlaga Kolektivne pogodbe za dejavnost zdravstva in socialnega varstva Slovenije glede določbe prve alineje 6. točke 36. člena, ki se nanaša dodaten letni dopust iz naslova otroka do 15 let starosti, sprejeti na 86. seji dne 23. 6. 2023",17. 11. 2023
2023-01-3366,"Razlaga Kolektivne pogodbe za dejavnost zdravstva in socialnega varstva Slovenije glede določbe 36. člena, ki se nanaša na kriterije za odmero letnega dopusta, sprejeti na 87. seji dne 13. 10. 2023",17. 11. 2023
2023-01-3367,"Razlaga Kolektivne pogodbe za dejavnost zdravstva in socialnega varstva Slovenije glede določbe 37. člena, ki se nanaša na odmero letnega dopusta, sprejeti na 87. seji dne 13. 10. 2023",17. 11. 2023
2023-01-3368,"Razlaga Kolektivne pogodbe za dejavnost zdravstva in socialnega varstva Slovenije glede določbe 2. točke I. poglavja, ki se nanaša na veljavnost kolektivne pogodbe, sprejeti na 87. seji dne 13. 10. 2023",17. 11. 2023
2023-01-3370,"Razlaga Kolektivne pogodbe za dejavnost zdravstva in socialnega varstva Slovenije glede določbe pete alineje 101. člena, ki se nanaša na solidarnostno pomoč, sprejeti na 87. seji dne 13. 10. 2023",17. 11. 2023
2023-01-3371,"Razlaga Aneksa h Kolektivni pogodbi zdravstva in socialnega varstva Slovenije (Uradni list RS, št. 165/22) glede 12. člena, ki se nanaša na kriterije za zasedbo delovnega mesta laboratorijski tehnik s posebnimi znanji, sprejeti na 87. seji dne 13. 10. 2023",17. 11. 2023
2023-01-3372,"Razlaga Aneksa h Kolektivni pogodbi zdravstva in socialnega varstva Slovenije (Uradni list RS, št. 165/22) glede 14. člena, ki se nanaša na kriterije za zasedbo delovnega mesta zobotehnik s posebnimi znanji, sprejeti na 87. seji dne 13. 10. 2023",17. 11. 2023
1998-01-2571,Aneks h kolektivni pogodbi za dejavnost zdravstva in socialnega varstva Slovenije,7. 8. 1998
2000-01-4284,Aneks h kolektivni pogodbi za dejavnost zdravstva in socialnega varstva Slovenije,10. 11. 2000
2001-01-3344,Aneks h kolektivni pogodbi za dejavnost zdravstva in socialnega varstva Slovenije,27. 7. 2001
2008-01-3296,Aneks h Kolektivni pogodbi za dejavnost zdravstva in socialnega varstva Slovenije,22. 7. 2008
2013-01-1768,Aneks h Kolektivni pogodbi za dejavnost zdravstva in socialnega varstva Slovenije,29. 5. 2013
1998-01-2572,Dogovor o realizaciji 79. člena kolektivne pogodbe za dejavnost zdravstva in socialnega varstva Slovenije,7. 8. 1998
2007-01-4071,Pristop h Kolektivni pogodbi za dejavnost zdravstva in socialnega varstva Slovenije,27. 8. 2007
2012-01-1043,"Razlage Kolektivne pogodbe za dejavnost zdravstva in socialnega varstva Slovenije glede določb, ki se nanašajo na določanje letnega dopusta",6. 4. 2012
2012-01-2632,"Razlagi Kolektivne pogodbe za dejavnost zdravstva in socialnega varstva Slovenije glede določb, ki se nanašajo na delovni čas in uvrščanje medicinske sestre v socialno varstvenih zavodih",31. 8. 2012
2012-01-2633,"Razlage Kolektivne pogodbe za dejavnost zdravstva in socialnega varstva Slovenije glede določbe, ki se nanaša na prevedbo oziroma uvrščanje glavne medicinske sestre",31. 8. 2012
2013-01-0256,"Razlage Kolektivne pogodbe za dejavnost zdravstva in socialnega varstva Slovenije glede določb, ki se nanašajo na določanje letnega dopusta",1. 2. 2013
2013-01-3564,Razlaga 101. člena Kolektivne pogodbe za dejavnost zdravstva in socialnega varstva Slovenije v povezavi s 13. členom Aneksa h Kolektivni pogodbi za dejavnost zdravstva in socialnega varstva Slovenije,3. 12. 2013
2017-01-2453,Pristop h Kolektivni pogodbi za dejavnost zdravstva in socialnega varstva Slovenije,29. 9. 2017
2021-01-2546,Pristop h Kolektivni pogodbi za dejavnost zdravstva in socialnega varstva Slovenije,19. 7. 2021
2021-01-3496,Pristop k že sklenjenemu Aneksu h Kolektivni pogodbi za dejavnost zdravstva in socialnega varstva Slovenije,12. 11. 2021
2022-01-1193,Pristop h Kolektivni pogodbi za dejavnost zdravstva in socialnega varstva Slovenije in vsem njenim aneksom,20. 4. 2022
2023-01-3435,Naknadni pristop Lekarniške zbornice Slovenije h Kolektivni pogodbi za dejavnost zdravstva in socialnega varstva Slovenije,24. 11. 2023
2025-01-3189,Aneks h Kolektivni pogodbi za kulturne dejavnosti v Republiki Sloveniji,21. 11. 2025
2025-01-3191,Aneks h Kolektivni pogodbi za zaposlene v zdravstveni negi,21. 11. 2025
2025-01-3190,Aneks h Kolektivni pogodbi za dejavnost zdravstva in socialnega varstva Slovenije,21. 11. 2025
2025-01-2886,"Razlaga h Kolektivni pogodbi dejavnosti gostinstva in turizma (Uradni list RS, št.112/24), o razlagi 71.člena KP GIT",24. 10. 2025
2017-01-1133,Dodatek št. 1 h Kolektivni pogodbi za dejavnost kovinskih materialov in livarn Slovenije,28. 4. 2017
2018-01-4134,Dodatek št. 2 h Kolektivni pogodbi za dejavnost kovinskih materialov in livarn Slovenije,28. 12. 2018
2019-01-3801,Dodatek št. 3 h Kolektivni pogodbi za dejavnost kovinskih materialov in livarn Slovenije,31. 12. 2019
2021-01-2238,Dodatek št. 4 h Kolektivni pogodbi za dejavnost kovinskih materialov in livarn Slovenije,2. 7. 2021
2022-01-0476,Dodatek št. 5 h Kolektivni pogodbi za dejavnost kovinskih materialov in livarn Slovenije,25. 2. 2022
2023-01-2322,Dodatek št. 6 h Kolektivni pogodbi za dejavnost kovinskih materialov in livarn Slovenije,7. 7. 2023
2025-01-3172,Zakon o pravici do zimskega regresa ter prenovi ugotavljanja davčne osnove z upoštevanjem normiranih odhodkov (ZPZR),19. 11. 2025
2024-01-1190,"Odlok o spremembah in dopolnitvi Odloka o Svetu Vlade Republike Slovenije za spodbujanje razvoja prostovoljstva, prostovoljskih in nevladnih organizacij",26. 4. 2024
2025-01-3863,"Odredba o spremembi Odredbe o določitvi poklicev, v katerih zaposlitev tujca nivezana na trg dela",24. 12. 2025
2025-01-3405,"Odredba o določitvi dejavnosti in poklicev, v katerih se lahko tujci hitreje zaposlujejo",5. 12. 2025
2025-01-3065,Tarifna priloga h Kolektivni pogodbi komunalnih dejavnosti,7. 11. 2025
2014-01-1320,Zakon o preprečevanju dela in zaposlovanja na črno (ZPDZC-1),5. 5. 2014
2026-01-0297,"Pravilnik o zdravstvenih pregledih sodnih izvedencev, sodnih cenilcev in sodnih tolmačev, ki so dopolnili 75 let starosti",6. 2. 2026
2008-01-1228,Dodatek št. 3 h Kolektivni pogodbi za elektroindustrijo Slovenije,31. 3. 2008
2005-01-4709,Kolektivna pogodba za dejavnost elektroindustrije Slovenije,2. 12. 2005
2007-01-4759,Kolektivna pogodba za dejavnost železniškega prometa,19. 10. 2007
2015-01-4338,Aneks h kolektivni pogodbi za dejavnost vzgoje in izobraževanja v Republiki Sloveniji,30. 12. 2015
2017-01-2230,Spremembe in dopolnitve Kolektivne pogodbe za dejavnost vzgoje in izobraževanja v Republiki Sloveniji,25. 8. 2017
2017-01-2248,Aneks h Kolektivni pogodbi za dejavnost vzgoje in izobraževanja v Republiki Sloveniji,29. 8. 2017
2018-01-3874,Aneks h Kolektivni pogodbi za dejavnost vzgoje in izobraževanja v Republiki Sloveniji,7. 12. 2018
2020-01-2796,Aneks h Kolektivni pogodbi za dejavnost vzgoje in izobraževanja v Republiki Sloveniji,6. 11. 2020
2021-01-1849,Aneks h Kolektivni pogodbi za dejavnost vzgoje in izobraževanja v Republiki Sloveniji,3. 6. 2021
2022-01-3314,Aneks h Kolektivni pogodbi za dejavnost vzgoje in izobraževanja v Republiki Sloveniji,25. 10. 2022
2023-01-0191,Aneks h Kolektivni pogodbi za dejavnost vzgoje in izobraževanja v Republiki Sloveniji,27. 1. 2023
2024-01-0357,Aneks h Kolektivni pogodbi za dejavnost vzgoje in izobraževanja v Republiki Sloveniji,16. 2. 2024
1996-01-2278,Spremembe in dopolnitve kolektivne pogodbe za dejavnost vzgoje in izobraževanja v Republiki Sloveniji,29. 6. 1996
1998-01-2323,Spremembe in dopolnitve kolektivne pogodbe za dejavnost vzgoje in izobraževanja v Republiki Sloveniji,17. 7. 1998
1999-01-1356,Spremembe in dopolnitve kolektivne pogodbe za dejavnost vzgoje in izobraževanja v Republiki Sloveniji,22. 4. 1999
2000-01-1942,Spremembe in dopolnitve kolektivne pogodbe za dejavnost vzgoje in izobraževanja v Republiki Sloveniji,12. 5. 2000
2001-01-2986,Spremembe in dopolnitve kolektivne pogodbe za dejavnost vzgoje in izobraževanja v Republiki Sloveniji,6. 7. 2001
2002-01-2779,Aneks h kolektivni pogodbi za dejavnost vzgoje in izobraževanja v Republiki Sloveniji,28. 6. 2002
2011-01-3339,Aneks h Kolektivni pogodbi za dejavnost vzgoje in izobraževanja v Republiki Sloveniji,7. 10. 2011
2013-01-1771,Aneks h Kolektivni pogodbi za dejavnost vzgoje in izobraževanja v Republiki Sloveniji,29. 5. 2013
2007-01-2802,Razlaga Kolektivne pogodbe za dejavnost vzgoje in izobraževanja v Republiki Sloveniji (v nadaljevanju KPVIZ),12. 6. 2007
2010-01-1533,Razlaga Kolektivne pogodbe za dejavnost vzgoje in izobraževanja v Republiki Sloveniji,23. 4. 2010
2016-01-1722,Pristop h Kolektivni pogodbi za dejavnost vzgoje in izobraževanja v Republiki Sloveniji,3. 6. 2016
2022-01-1192,Pristop h Kolektivni pogodbi za dejavnost vzgoje in izobraževanja v Republiki Sloveniji in njenim aneksom,20. 4. 2022
2026-01-0239,Pravilnik o kriterijih za določitev delovne uspešnosti javnih uslužbencev plačne skupine B s področja kulture,30. 1. 2026
2024-01-0415,Naknadni pristop k Dogovoru o uskladitvi vrednosti plačnih razredov plačne lestvice in datumu izplačila regresa za letni dopust v letu 2024,23. 2. 2024
2024-01-0462,"Razlaga Kolektivne pogodbe za dejavnost zdravstva in socialnega varstva Slovenije glede določbe drugega odstavka 32.b člena, ki se nanaša na plačilo nadomestila plače za praznične dni, sprejeti na 88. seji dne 9. 1. 2024",1. 3. 2024
2024-01-0463,"Razlaga Kolektivne pogodbe za dejavnost zdravstva in socialnega varstva Slovenije glede določbe šeste alineje 6. točke 36. člena KPZSV, ki se nanaša dodaten letni dopust iz naslova nege in varovanja težje telesno ali zmerno, težje ali težko duševno prizadete osebe, sprejeti na 88. seji dne 9. 1. 2024",1. 3. 2024
2024-01-0464,"Razlaga Kolektivne pogodbe za dejavnost zdravstva in socialnega varstva Slovenije glede Priloge 5 Aneksa h Kolektivni pogodbi za dejavnost zdravstva in socialnega varstva Slovenije (Uradni list RS, št. 60/08), ki se nanaša na kriterije za uvrščanje vodstvenih delovnih mest, sprejeti na 88. seji dne 9. 1. 2024",1. 3. 2024
2024-01-0056,Spremembe in dopolnitve Kolektivne pogodbe gradbenih dejavnosti,12. 1. 2024
2024-01-0118,Dodatek št. 16 h Kolektivni pogodbi za dejavnost elektroindustrije Slovenije,19. 1. 2024
2024-01-0721,Dodatek št. 7 h Kolektivni pogodbi za dejavnost kovinskih materialov in livarn Slovenije,22. 3. 2024
2024-01-0652,Aneks št. 2 h Kolektivni pogodbi za poštne in kurirske dejavnosti,15. 3. 2024
2000-01-3433,Aneks št. 3 h kolektivni pogodbi za dejavnost kovinskih materialov in livarn ter kovinsko in elektroindustrijo Slovenije,19. 8. 2000
2025-01-3294,Kolektivna pogodba Banke Slovenije,28. 11. 2025
2025-01-3300,Kolektivna pogodba centralnega bančništva,28. 11. 2025
2005-01-3862,Odpoved Splošne kolektivne pogodbe za gospodarske dejavnosti,10. 10. 2005
2026-01-0191,Aneks št. 1 h Kolektivni pogodbi za gozdarsko dejavnost – tarifni del,30. 1. 2026
2026-01-0192,Aneks št. 1 h Kolektivni pogodbi za kmetijsko dejavnost – tarifni del,30. 1. 2026
1999-01-0698,Aneks št. 1 h kolektivni pogodbi za dejavnost kovinskih materialov in livarn ter kovinsko in elektroindustrijo Slovenije,12. 3. 1999
1999-01-2418,Aneks št. 2 h kolektivni pogodbi za dejavnost kovinskih materialov in livarn ter kovinsko in elektroindustrijo Slovenije,28. 6. 1999
2015-01-2843,Uredba o spremembah in dopolnitvah Uredbe o plačah in drugih prejemkih javnih uslužbencev za delo v tujini,30. 9. 2015
2016-01-0260,Uredba o spremembi Uredbe o plačah in drugih prejemkih javnih uslužbencev za delo v tujini,29. 1. 2016
2016-01-2680,Uredba o spremembi in dopolnitvi Uredbe o plačah in drugih prejemkih javnih uslužbencev za delo v tujini,30. 9. 2016
2017-01-0172,Uredba o spremembi Uredbe o plačah in drugih prejemkih javnih uslužbencev za delo v tujini,27. 1. 2017
2017-01-1437,Uredba o spremembah in dopolnitvi Uredbe o plačah in drugih prejemkih javnih uslužbencev za delo v tujini,26. 5. 2017
2017-01-1929,Uredba o dopolnitvi Uredbe o plačah in drugih prejemkih javnih uslužbencev za delo v tujini,7. 7. 2017
2018-01-0217,Uredba o spremembah Uredbe o plačah in drugih prejemkih javnih uslužbencev za delo v tujini,26. 1. 2018
2018-01-2204,Uredba o spremembi Uredbe o plačah in drugih prejemkih javnih uslužbencev za delo v tujini,22. 6. 2018
2019-01-0176,Uredba o spremembi Uredbe o plačah in drugih prejemkih javnih uslužbencev za delo v tujini,30. 1. 2019
2025-01-3416,Aneks št. 9 h Kolektivni pogodbi grafične dejavnosti,5. 12. 2025
2025-01-3510,"Razlaga Kolektivne pogodbe za dejavnost zdravstva in socialnega varstva Slovenije glede določbe 37. člena, ki se nanaša na odmero letnega dopusta iz naslova šest dnevnega tednika, sprejeta na 93. seji dne 20. 11. 2025",9. 12. 2025
2025-01-3511,"Razlaga Kolektivne pogodbe za dejavnost zdravstva in socialnega varstva Slovenije glede določbe drugega odstavka 82. člena, ki se nanaša na dodatek za delovno dobo, sprejeta na 92. seji dne 11. 7. 2025",9. 12. 2025
2025-01-3512,"Razlaga Aneksa h Kolektivni pogodbi zdravstva in socialnega varstva Slovenije (Uradni list RS, št. 88/21) glede 12. člena, ki se nanaša na nagrajevanje dijakov in študentov za obvezno opravljanje prakse, sprejeta na 93. seji dne 20. 11. 2025",9. 12. 2025
2013-01-2777,Odpoved Kolektivne pogodbe gradbenih dejavnosti vključno z njeno tarifno prilogo,9. 9. 2013
2025-01-4033,"Pravilnik o kriterijih za določitev delovne uspešnosti javnih uslužbencev plačne skupine B s področja kmetijstva, gozdarstva, prehrane in ribištva",31. 12. 2025
2025-01-3595,Aneks št. 3 h Kolektivni pogodbi za kmetijstvo in živilsko industrijo Slovenije,15. 12. 2025
2008-01-2430,Kolektivna pogodba o skupni metodologiji za uvrščanje orientacijskih delovnih mest in nazivov v plačne razrede (KPSM),10. 6. 2008
2025-01-3670,"Aneks št. 20 k Tarifni prilogi h Kolektivni pogodbi časopisno-informativne, založniške in knjigotrške dejavnosti",19. 12. 2025
2025-01-3671,Dodatek št. 21 h Kolektivni pogodbi za dejavnost elektroindustrije Slovenije,19. 12. 2025
2008-01-2573,Kolektivna pogodba za dejavnost obvezne socialne varnosti - tarifni del,16. 6. 2008
2017-01-2254,Aneks št. 2 h Kolektivni pogodbi za dejavnost obvezne socialne varnosti – tarifni del,29. 8. 2017
2018-01-3870,Aneks št. 3 h Kolektivni pogodbi za dejavnost obvezne socialne varnosti – tarifni del,7. 12. 2018
2022-01-3312,Aneks št. 4 h Kolektivni pogodbi za dejavnost obvezne socialne varnosti - tarifni del,25. 10. 2022
2013-01-0785,Zakon o spremembah in dopolnitvah Zakona o urejanju trga dela (ZUTD-A),13. 3. 2013
2023-01-1126,Zakon o čezmejnem izvajanju storitev (ZČmIS-1),3. 4. 2023
2026-01-0163,Pravilnik o kriterijih za določitev delovne uspešnosti javnih uslužbencev plačne skupine B s področja zdravstva,30. 1. 2026
2013-01-3600,Zakon o spremembah in dopolnitvah Zakona o urejanju trga dela (ZUTD-C),6. 12. 2013
2014-01-0250,"Pravilnik o spremembah in dopolnitvah Pravilnika o prijavi in odjavi iz evidenc, zaposlitvenem načrtu, pravicah in obveznostih pri iskanju zaposlitve ter nadzoru nad osebami, prijavljenimi v evidencah",7. 2. 2014
2016-01-2864,Pravilnik o spremembi Pravilnika o izboru in sofinanciranju programov javnih del,28. 10. 2016
2017-01-0491,"Pravilnik o spremembah in dopolnitvi Pravilnika o odpisu in delnem odpisu dolga, odlogu plačila ter obročnem plačilu pri financiranju ukrepov trga dela in izvajalcev",3. 3. 2017
2011-01-1152,Zakon o zaposlovanju in delu tujcev (ZZDT-1),8. 4. 2011
2026-01-0195,Aneks k Posebnemu tarifnemu delu Kolektivne pogodbe za zdravnike in zobozdravnike v Republiki Sloveniji,30. 1. 2026
2026-01-0184,Aneks h Kolektivni pogodbi za dejavnost zdravstva in socialnega varstva Slovenije,30. 1. 2026
2026-01-0160,"Pravilnik o kriterijih za določitev delovne uspešnosti javnih uslužbencev plačne skupine B s področja gospodarstva, turizma in športa",30. 1. 2026
2026-01-0185,Aneks h Kolektivni pogodbi za zaposlene v zdravstveni negi,30. 1. 2026
2026-01-0278,Odredba o uskladitvi najnižje bruto urne postavke za opravljeno uro začasnih in občasnih del,4. 2. 2026
2026-01-0098,Dodatek št. 8 h Kolektivni pogodbi za kovinsko industrijo Slovenije,16. 1. 2026
2026-01-0194,Aneks št. 6 h Kolektivni pogodbi za dejavnost obvezne socialne varnosti – tarifni del,30. 1. 2026
2026-01-0581,Odredba o višini urne postavke in višini dohodka za opravljeno začasno ali občasno delo upokojencev,25. 2. 2026
2026-01-0190,Aneks št. 1 h Kolektivni pogodbi za dejavnost okolja in prostora – tarifni del,30. 1. 2026
2026-01-0143,"Razlaga Kolektivne pogodbe za dejavnost zdravstva in socialnega varstva Slovenije glede določbe drugega odstavka 32.b člena, ki se nanaša na plačilo nadomestila plače za praznične dni, sprejeti na korespondenčni seji dne 8. 1. 2026",23. 1. 2026
2007-01-0567,Zakon o preprečevanju dela in zaposlovanja na črno (uradno prečiščeno besedilo) (ZPDZC-UPB1),12. 2. 2007
2007-01-4036,Zakon o zaposlovanju in delu tujcev (uradno prečiščeno besedilo) (ZZDT-UPB2),24. 8. 2007
2024-01-0768,Aneks številka 3 h Kolektivni pogodbi dejavnosti trgovine Slovenije,26. 3. 2024
2008-01-1297,Dodatek št. 3 h Kolektivni pogodbi za kovinsko industrijo Slovenije,4. 4. 2008
1999-01-4279,"Pravilnik o osebni varovalni opremi, ki jo delavci uporabljajo pri delu",4. 11. 1999
1999-01-4281,Pravilnik o varnostnih znakih,4. 11. 1999
2000-01-1404,Pravilnik o varnosti in zdravju pri delu s slikovnim zaslonom,6. 4. 2000
2002-01-4367,Pravilnik o preventivnih zdravstvenih pregledih delavcev,17. 10. 2002
2005-01-1395,Pravilnik o spremembah in dopolnitvah Pravilnika o zahtevah za zagotavljanje varnosti in zdravja delavcev na delovnih mestih,19. 4. 2005
2005-01-1396,"Pravilnik o spremembah in dopolnitvah Pravilnika o osebni varovalni opremi, ki jo delavci uporabljajo pri delu",19. 4. 2005
2005-01-1397,Pravilnik o spremembah in dopolnitvah Pravilnika o varnostnih znakih,19. 4. 2005
2005-01-3258,Pravilnik o spremembah in dopolnitvah pravilnika o varnosti in zdravju pri delu s slikovnim zaslonom,1. 8. 2005
2005-01-4108,Pravilnik o varovanju delavcev pred tveganji zaradi izpostavljenosti vibracijam pri delu,25. 10. 2005
2006-01-5319,Pravilnik o spremembah in dopolnitvah Pravilnika o preventivnih zdravstvenih pregledih delavcev,1. 12. 2006
2010-01-1627,Pravilnik o spremembah in dopolnitvah Pravilnika o varnostnih znakih,30. 4. 2010
2008-01-3738,Dogovor o izvedbi 50. člena Kolektivne pogodbe za javni sektor,5. 9. 2008
2009-01-0101,Razlaga Kolektivne pogodbe za javni sektor (KPJS),16. 1. 2009
2009-01-0586,Razlaga kolektivne pogodbe za javni sektor (KPJS),27. 2. 2009
2009-01-1518,Razlaga Kolektivne pogodbe za javni sektor (KPJS),30. 4. 2009
2009-01-2396,Razlaga Kolektivne pogodbe za javni sektor (KPJS),26. 6. 2009
2010-01-1407,Razlaga Kolektivne pogodbe za javni sektor (KPJS),16. 4. 2010
2011-01-2794,Razlaga Kolektivne pogodbe za javni sektor (KPJS),25. 7. 2011
2012-01-0218,Razlaga Kolektivne pogodbe za javni sektor (KPJS),27. 1. 2012
2013-01-0806,Razlaga Kolektivne pogodbe za javni sektor (KPJS),15. 3. 2013
2013-01-0807,Razlaga Kolektivne pogodbe za javni sektor (KPJS),15. 3. 2013
2013-01-0808,Razlaga Kolektivne pogodbe za javni sektor (KPJS),15. 3. 2013
2014-01-1845,Razlaga Kolektivne pogodbe za javni sektor (KPJS),20. 6. 2014
2016-01-1723,Pristop h Kolektivni pogodbi za javni sektor,3. 6. 2016
2020-01-0764,Razlaga Kolektivne pogodbe za javni sektor (KPJS),10. 4. 2020
2022-01-3133,Pristop h Kolektivni pogodbi za javni sektor,14. 10. 2022
2016-01-2308,Odredba o ukrepih za lažje uresničevanje pravic delavcev Evropske unije in njihovih družinskih članov,29. 7. 2016
2014-01-3292,Pristop h Kolektivni pogodbi dejavnosti trgovine Slovenije,7. 11. 2014
2026-01-0693,Zakon o spremembi Zakona o čezmejnem izvajanju storitev (ZČmIS-1A),6. 3. 2026
2026-01-0480,Razlaga Kolektivne pogodbe Banke Slovenije (KPBS),17. 2. 2026
2009-01-3971,Zakon o spremembah in dopolnitvah Zakona o sistemu plač v javnem sektorju (ZSPJS-L),13. 11. 2009
2013-01-2054,Pravilnik o prijavah na področju varnosti in zdravja pri delu,24. 6. 2013
2026-01-1044,"Odredba o spremembi Odredbe o določitvi dejavnosti in poklicev, v katerih se lahko tujci hitreje zaposlujejo",23. 4. 2026
2006-01-0923,Odpoved Kolektivne pogodbe dejavnosti trgovine Slovenije,3. 3. 2006
2021-01-1536,Pravilnik o varovanju delavcev pred tveganji zaradi izpostavljenosti kemičnim snovem pri delu,11. 5. 2021
2024-01-0824,Pravilnik o spremembah Pravilnika o varovanju delavcev pred tveganji zaradi izpostavljenosti kemičnim snovem pri delu,4. 4. 2024
2022-01-2649,"Pristop h Kolektivni pogodbi za državno upravo, uprave pravosodnih organov in uprave samoupravnih lokalnih skupnosti in njenim aneksom",12. 8. 2022
2013-01-0784,Zakon o delovnih razmerjih (ZDR-1),13. 3. 2013
2015-01-2595,"Pravilnik o varovanju zdravja pri delu otrok, mladostnikov in mladih oseb",28. 8. 2015
2014-01-3850,Pravilnik o osebnem dopolnilnem delu,24. 12. 2014
2024-01-0846,Spremembe in dopolnitve Kolektivne pogodbe gradbenih dejavnosti,5. 4. 2024
2014-01-3966,Spremembe in dopolnitve Kolektivne pogodbe dejavnosti bančništva Slovenije,29. 12. 2014
2011-01-0153,Kolektivna pogodba dejavnosti bančništva Slovenije,24. 1. 2011
2024-01-0847,"Razlage Kolektivne pogodbe za zdravnike in zobozdravnike v RS, sprejete na seji dne 2.4. 2024",5. 4. 2024
2004-01-3488,"Kolektivna pogodba o izplačilu plač za leto 2004 za dejavnosti kovinskih materialov, livarn in kovinske ter elektroindustrije Slovenije in dogovor o pripravi nove kolektivne pogodbe",19. 7. 2004
2009-01-1705,Uredba o ukrepih za varovanje dostojanstva zaposlenih v organih državne uprave,15. 5. 2009
2009-01-3092,Razlaga Kolektivne pogodbe dejavnosti trgovine,28. 8. 2009
2010-01-4383,Kolektivna pogodba o določitvi najnižjih osnovnih plač za dejavnosti gostinstva in turizma Slovenije,18. 10. 2010
2011-01-1172,Razlaga Kolektivne pogodbe dejavnosti trgovine,8. 4. 2011
2011-01-4537,Razlaga Kolektivne pogodbe dejavnosti trgovine,21. 12. 2011
2012-01-3647,Razlaga Kolektivne pogodbe dejavnosti trgovine,10. 12. 2012
2016-01-1184,Uredba o spremembah Uredbe o nagradi in priznanjih za prostovoljstvo,22. 4. 2016
2016-01-1188,Pravilnik o spremembah in dopolnitvah Pravilnika o področjih prostovoljskega dela in vpisniku,22. 4. 2016
2019-01-2489,"Odlok o Svetu Vlade Republike Slovenije za spodbujanje razvoja prostovoljstva, prostovoljskih in nevladnih organizacij",13. 9. 2019
2011-01-0374,Zakon o prostovoljstvu (ZProst),18. 2. 2011
2002-01-2899,Aneks št. 5 h kolektivni pogodbi za dejavnost kovinskih materialov in livarn ter za kovinsko in elektroindustrijo Slovenije,10. 7. 2002
2015-01-1604,Pravilnik o spremembah in dopolnitvah Pravilnika o varnostnih znakih,4. 6. 2015
2013-01-1137,Aneks k Tarifni prilogi Kolektivne pogodbe za lesarstvo,12. 4. 2013
2013-01-4034,Kolektivna pogodba za papirno in papirno-predelovalno dejavnost,27. 12. 2013
2016-01-2316,Aneks št. 1 h Kolektivni pogodbi za papirno in papirno-predelovalno dejavnost,29. 7. 2016
2018-01-0120,Aneks št. 2 h Kolektivni pogodbi za papirno in papirno-predelovalno dejavnost,19. 1. 2018
2019-01-0014,Aneks št. 3 h Kolektivni pogodbi za papirno in papirno-predelovalno dejavnost,8. 1. 2019
2020-01-2940,Aneks št. 4 h Kolektivni pogodbi za papirno in papirno-predelovalno dejavnost,20. 11. 2020
2022-01-0058,Aneks št. 5 h Kolektivni pogodbi za papirno in papirno-predelovalno dejavnost,12. 1. 2022
2022-01-3906,Aneks št. 6 h Kolektivni pogodbi za papirno in papirno-predelovalno dejavnost,14. 12. 2022
2023-01-3533,Aneks št. 7 h Kolektivni pogodbi za papirno in papirno-predelovalno dejavnost,1. 12. 2023
2015-01-1605,Pravilnik o spremembah Pravilnika za opravljanje dejavnosti zagotavljanja dela delavcev uporabniku,4. 6. 2015
2026-01-0998,"Razlaga Kolektivne pogodbe za dejavnost zdravstva in socialnega varstva Slovenije glede določbe 2. točke I. poglavja KPZSV, ki se nanaša na veljavnost kolektivne pogodbe, sprejeti na 94. seji dne 3. 3. 2026",20. 4. 2026
2026-01-0997,"Razlaga Kolektivne pogodbe za dejavnost zdravstva in socialnega varstva Slovenije glede določbe drugega odstavka 32.b člena, ki se nanaša na plačilo odmene za manjkajoče ure praznovanja, sprejeti na 94. seji dne 3. 3. 2026",20. 4. 2026
2026-01-0996,"Razlaga Aneksa h Kolektivni pogodbi zdravstva in socialnega varstva Slovenije (Ur. l. RS, 165/22) glede 12. člena, ki se nanaša na kriterije za zasedbo delovnega mesta laboratorijski tehnik s posebnimi znanji, in 15. člena, ki se nanaša na kriterije za zasedbo delovnega mesta inženir laboratorijske biomedicine s posebnimi znanji, sprejeti na 91. seji dne 20. 3. 2025",20. 4. 2026
2018-01-0545,Zakon o spremembah in dopolnitvah Zakona o socialnem podjetništvu (ZSocP-A),28. 2. 2018
2017-01-2529,Pravilnik o spremembi Pravilnika o izboru in sofinanciranju programov javnih del,6. 10. 2017
2019-01-3381,Pravilnik o spremembi Pravilnika o izboru in sofinanciranju programov javnih del,20. 12. 2019
2020-01-3137,Pravilnik o spremembi Pravilnika o izboru in sofinanciranju programov javnih del,4. 12. 2020
2019-01-3503,Pravilnik o stalnem strokovnem usposabljanju na področju varnosti in zdravja pri delu,20. 12. 2019
2020-01-2875,Pravilnik o spremembah in dopolnitvah Pravilnika o stalnem strokovnem usposabljanju na področju varnosti in zdravja pri delu,13. 11. 2020
2019-01-3380,"Pravilnik o spremembah Pravilnika o pogojih, ki jih mora izpolnjevati strokovni delavec za varnost pri delu",20. 12. 2019
2011-01-4941,"Pravilnik o pogojih, ki jih mora izpolnjevati strokovni delavec za varnost pri delu",30. 12. 2011
2020-01-2934,Pravilnik o varovanju delavcev pred tveganji zaradi izpostavljenosti biološkim dejavnikom pri delu,20. 11. 2020
2024-01-0298,Pravilnik o spremembi Pravilnika o varovanju delavcev pred tveganji zaradi izpostavljenosti biološkim dejavnikom pri delu,9. 2. 2024
2022-01-1202,Pravilnik o spremembi Pravilnika o osebnem dopolnilnem delu,22. 4. 2022
2023-01-2622,Pravilnik o spremembi Pravilnika o osebnem dopolnilnem delu,11. 8. 2023
2014-01-0513,Pristop h Kolektivni pogodbi za obrt in podjetništvo,3. 3. 2014
2014-01-0600,"Kolektivna pogodba za tekstilne, oblačilne, usnjarske in usnjarsko-predelovalne dejavnosti Slovenije (KPtoupd)",14. 3. 2014
2019-01-2835,Pristop h Kolektivni pogodbi o oblikovanju pokojninskega načrta za javne uslužbence,25. 10. 2019
2004-01-0475,Kolektivna pogodba o oblikovanju pokojninskega načrta za javne uslužbence,6. 2. 2004
2010-01-5588,"Pravilnik o odpisu in delnem odpisu dolga, odlogu plačila ter obročnem plačilu pri financiranju ukrepov trga dela in izvajalcev",29. 12. 2010
2003-01-0624,Razlaga kolektivne pogodbe za dejavnost kovinskih materialov in livarn ter kovinsko in elektroindustrijo Slovenije,14. 2. 2003
2009-01-2128,Aneks h Kolektivni pogodbi za kmetijstvo in živilsko industrijo Slovenije,9. 6. 2009
2015-01-3096,Pravilnik o minimalnih zahtevah pri zagotavljanju zdravstvene oskrbe posadke na ladjah,23. 10. 2015
2021-01-3545,Pravilnik o spremembah in dopolnitvah Pravilnika o minimalnih zahtevah pri zagotavljanju zdravstvene oskrbe posadke na ladjah,19. 11. 2021
2017-01-1951,Razlagi določb Kolektivne pogodbe komunalnih dejavnosti,14. 7. 2017
2017-01-2234,Razlaga v zvezi z izvajanjem drugega odstavka 77. člena Kolektivne pogodbe komunalnih dejavnosti,25. 8. 2017
2017-01-2342,Razlagi določb Kolektivne pogodbe komunalnih dejavnosti,11. 9. 2017
2017-01-2978,Razlaga v zvezi z izvajanjem 104. člena Kolektivne pogodbe komunalnih dejavnosti,10. 11. 2017
2017-01-2979,Mnenje v zvezi z izvajanjem 81. člena Kolektivne pogodbe komunalnih dejavnosti,10. 11. 2017
2017-01-3204,Razlaga v zvezi z izvajanjem 102. člena Kolektivne pogodbe komunalnih dejavnosti,1. 12. 2017
2017-01-3899,Razlaga v zvezi z izvajanjem četrtega odstavka 92. člena Kolektivne pogodbe komunalnih dejavnosti,29. 12. 2017
2018-01-0690,Razlaga v zvezi z izvajanjem 54. člena Kolektivne pogodbe komunalnih dejavnosti,9. 3. 2018
2020-01-2643,Mnenje v zvezi z izvajanjem 63. člena Kolektivne pogodbe komunalnih dejavnosti,23. 10. 2020
2003-01-4054,Razlaga kolektivne pogodbe za dejavnosti pridobivanja in predelave nekovinskih rudnin,5. 9. 2003
2022-01-4240,Aneks k Posebnemu tarifnemu delu Kolektivne pogodbe za zdravnike in zobozdravnike v Republiki Sloveniji,29. 12. 2022
2015-01-1121,Dodatek št. 10 h Kolektivni pogodbi za elektroindustrijo Slovenije,17. 4. 2015
2008-01-4869,Razlaga Kolektivne pogodbe za javni sektor (KPJS),28. 11. 2008
2015-01-3846,Uredba o spremembah Uredbe o plačah in drugih prejemkih javnih uslužbencev za delo v tujini,18. 12. 2015
2017-01-2512,Uredba o spremembi Uredbe o plačah in drugih prejemkih javnih uslužbencev za delo v tujini,29. 9. 2017
2018-01-1755,Uredba o spremembi Uredbe o plačah in drugih prejemkih javnih uslužbencev za delo v tujini,25. 5. 2018
2018-01-3091,Uredba o spremembi Uredbe o plačah in drugih prejemkih javnih uslužbencev za delo v tujini,28. 9. 2018
2016-01-0613,Aneks h Kolektivni pogodbi o oblikovanju pokojninskega načrta za javne uslužbence,4. 3. 2016
2007-01-3697,Aneks h Kolektivni pogodbi o oblikovanju pokojninskega načrta za javne uslužbence,24. 7. 2007
2009-01-4563,Aneks h Kolektivni pogodbi o oblikovanju pokojninskega načrta za javne uslužbence,14. 12. 2009
2012-01-0426,Aneks h Kolektivni pogodbi o oblikovanju pokojninskega načrta za javne uslužbence,14. 2. 2012
2021-01-1722,Pristop h Kolektivni pogodbi o oblikovanju pokojninskega načrta za javne uslužbence,21. 5. 2021
2021-01-1723,Pristop h Kolektivni pogodbi o oblikovanju pokojninskega načrta za javne uslužbence,21. 5. 2021
2021-01-2697,Pristop h Kolektivni pogodbi o oblikovanju pokojninskega načrta za javne uslužbence,13. 8. 2021
2018-01-1055,"Pravilnik o izdaji dovoljenj za delo otrok, mlajših od 15 let",13. 4. 2018
2015-01-2596,"Pravilnik o varovanju zdravja pri delu nosečih delavk, delavk, ki so pred kratkim rodile ter doječih delavk",28. 8. 2015
2005-01-0077,"Dogovor o podaljšanju uporabe Kolektivne pogodbe o izplačilu plač za 2004 za dejavnost kovinskih materialov, livarn in kovinske ter elektroindustrije Slovenije in dogovora o pripravi nove kolektivne pogodbe",14. 1. 2005
2022-01-1779,Pravilnik o prijavi nezgode in poškodbe pri delu,2. 6. 2022
2008-01-2897,"Kolektivna pogodba za tekstilne, oblačilne, usnjarske in usnjarsko-predelovalne dejavnosti (KPtoupd) o načinu usklajevanja plač, povračilu stroškov v zvezi z delom in regresu za letni dopust za leto 2008 in 2009",4. 7. 2008
2003-01-5864,Razlaga kolektivne pogodbe za dejavnosti pridobivanja in predelave nekovinskih rudnin,31. 12. 2003
2015-01-4003,Kolektivna pogodba gradbenih dejavnosti,23. 12. 2015
2024-01-1244,Dodatek št. 7 h Kolektivni pogodbi za kovinsko industrijo Slovenije,29. 4. 2024
2015-01-4203,Aneks št. 3 h Kolektivni pogodbi javnega zavoda RTV Slovenija,30. 12. 2015
2016-01-0161,Pravilnik o določitvi obsega sredstev za delovno uspešnost iz naslova prodaje blaga in storitev na trgu v javnem gospodarskem zavodu Protokolarne storitve Republike Slovenije,22. 1. 2016
2016-01-1197,Aneks št. 4 h Kolektivni pogodbi javnega zavoda RTV Slovenija,22. 4. 2016
2019-01-0034,Aneks št. 6 h Kolektivni pogodbi javnega zavoda RTV Slovenija,11. 1. 2019
2019-01-1622,Uredba o spremembi in dopolnitvah Uredbe o plačah in drugih prejemkih javnih uslužbencev za delo v tujini,31. 5. 2019
2019-01-2669,Uredba o spremembah in dopolnitvah Uredbe o plačah in drugih prejemkih javnih uslužbencev za delo v tujini,4. 10. 2019
2020-01-0194,Uredba o spremembah in dopolnitvah Uredbe o plačah in drugih prejemkih javnih uslužbencev za delo v tujini,31. 1. 2020
2020-01-1869,Aneks št. 7 h Kolektivni pogodbi javnega zavoda RTV Slovenija,17. 7. 2020
2020-01-1871,Aneks št. 9 h Kolektivni pogodbi javnega zavoda RTV Slovenija,17. 7. 2020
2020-01-2318,Uredba o spremembah in dopolnitvi Uredbe o plačah in drugih prejemkih javnih uslužbencev za delo v tujini,25. 9. 2020
2021-01-0026,Uredba o spremembah in dopolnitvi Uredbe o plačah in drugih prejemkih javnih uslužbencev za delo v tujini,8. 1. 2021
2021-01-1238,Uredba o spremembi in dopolnitvah Uredbe o plačah in drugih prejemkih javnih uslužbencev za delo v tujini,16. 4. 2021
2021-01-1827,Uredba o spremembi Uredbe o plačah in drugih prejemkih javnih uslužbencev za delo v tujini,28. 5. 2021
2021-01-2986,Uredba o spremembah in dopolnitvi Uredbe o plačah in drugih prejemkih javnih uslužbencev za delo v tujini,30. 9. 2021
2022-01-0292,Uredba o spremembah Uredbe o plačah in drugih prejemkih javnih uslužbencev za delo v tujini,4. 2. 2022
2022-01-1606,Uredba o spremembi in dopolnitvah Uredbe o plačah in drugih prejemkih javnih uslužbencev za delo v tujini,13. 5. 2022
2022-01-1701,Uredba o spremembi Uredbe o plačah in drugih prejemkih javnih uslužbencev za delo v tujini,27. 5. 2022
2022-01-3398,Uredba o spremembah Uredbe o plačah in drugih prejemkih javnih uslužbencev za delo v tujini,28. 10. 2022
2022-01-3840,Aneks št. 14 h Kolektivni pogodbi javnega zavoda RTV Slovenija,9. 12. 2022
2023-01-0068,Pristop k Aneksu h Kolektivni pogodbi za dejavnost zdravstva in socialnega varstva Slovenije,13. 1. 2023
2023-01-0069,Pristop k Aneksu h Kolektivni pogodbi za dejavnost vzgoje in izobraževanja v Republiki Sloveniji,13. 1. 2023
2023-01-0070,Pristop k Aneksu h Kolektivni pogodbi za negospodarske dejavnosti v Republiki Sloveniji,13. 1. 2023
2023-01-0540,Pravilnik o spremembi Pravilnika o določitvi obsega sredstev za delovno uspešnost iz naslova prodaje blaga in storitev na trgu v javnem gospodarskem zavodu Protokolarne storitve Republike Slovenije,3. 3. 2023
2023-01-0553,Pravilnik o spremembah Pravilnika o napredovanju javnih uslužbencev Zavoda za pokojninsko in invalidsko zavarovanje Slovenije,3. 3. 2023
2023-01-1076,Aneks št. 15 h Kolektivni pogodbi javnega zavoda RTV Slovenija,31. 3. 2023
2023-01-2526,Uredba o dopolnitvi Uredbe o plačah in drugih prejemkih javnih uslužbencev za delo v tujini,27. 7. 2023
2023-01-2870,Uredba o spremembi Uredbe o plačah in drugih prejemkih javnih uslužbencev za delo v tujini,29. 9. 2023
2023-01-3478,Uredba o spremembi Uredbe o plačah in drugih prejemkih javnih uslužbencev za delo v tujini,30. 11. 2023
2023-01-4074,Uredba o spremembah Uredbe o plačah in drugih prejemkih javnih uslužbencev za delo v tujini,22. 12. 2023
2010-01-4554,Zakon o spremembi Zakona o sistemu plač v javnem sektorju (ZSPJS-O),29. 10. 2010
2010-01-5583,Zakon o spremembi Zakona o sistemu plač v javnem sektorju (ZSPJS-P),29. 12. 2010
2015-01-3254,Zakon o dopolnitvi Zakona o sistemu plač v javnem sektorju (ZSPJS-T),3. 11. 2015
2003-01-4618,Razlaga kolektivne pogodbe za dejavnost kovinskih materialov in livarne ter kovinsko in elektroindustrijo Slovenije,27. 10. 2003
2023-01-2575,Pravilnik o zagotavljanju varnosti in zdravja delavcev pri ročnem premeščanju bremen,2. 8. 2023
2016-01-2192,Odpoved Kolektivne pogodbe dejavnosti Cestnega gospodarstva (KPD-CG),15. 7. 2016
2005-01-3834,Aneks št. 1 k tarifni prilogi h Kolektivni pogodbi dejavnosti cestnega gospodarstva,7. 10. 2005
2006-01-4696,Aneks št. 2 k Tarifni prilogi h Kolektivni pogodbi dejavnosti cestnega gospodarstva,27. 10. 2006
2007-01-0900,Spremembe in dopolnitve Kolektivne pogodbe dejavnosti cestnega gospodarstva (KPD-CG),2. 3. 2007
2008-01-0249,Aneks št. 1 k Tarifni prilogi Kolektivne pogodbe dejavnosti cestnega gospodarstva,24. 1. 2008
2008-01-4377,Aneks št. 2 k Tarifni prilogi Kolektivne pogodbe dejavnosti cestnega gospodarstva /KP Cg/,30. 10. 2008
2005-01-2028,Razlaga Kolektivne pogodbe dejavnosti cestnega gospodarstva,20. 5. 2005
2005-01-3771,Razlaga Kolektivne pogodbe dejavnosti cestnega gospodarstva,30. 9. 2005
2005-01-4267,Razlaga Kolektivne pogodbe dejavnosti cestnega gospodarstva,4. 11. 2005
2006-01-3944,Odpoved Kolektivne pogodbe dejavnosti Cestnega gospodarstva (KPD-CG),28. 8. 2006
2006-01-3945,Odpoved Kolektivne pogodbe dejavnosti Cestnega gospodarstva (KPD-CG),28. 8. 2006
2008-01-0787,Razlaga Kolektivne pogodbe dejavnosti cestnega gospodarstva (KPD-CG),4. 3. 2008
2015-01-3868,Odpoved Kolektivne pogodbe dejavnosti cestnega gospodarstva (KPD-CG),18. 12. 2015
2005-01-0076,Dogovor o podaljšanju uporabe odpovedane Kolektivne pogodbe za dejavnost kovinskih materialov in livarn ter za kovinsko in elektroindustrijo Slovenije,14. 1. 2005
2024-01-1299,"Aneks št. 18 k Tarifni prilogi h Kolektivni pogodbi časopisno-informativne, založniške in knjigotrške dejavnosti",7. 5. 2024
2008-01-3059,Dodatek št. 4 h Kolektivni pogodbi za elektroindustrijo Slovenije,11. 7. 2008
2008-01-4370,Pravilnik o podeljevanju nagrad za prispevek k trajnostnemu razvoju družbe,30. 10. 2008
2004-01-2918,Aneks k tarifni prilogi za dejavnosti pridobivanja in predelave nekovinskih rudnin Slovenije,11. 6. 2004
2004-01-4149,Aneks h kolektivni pogodbi za kemično in gumarsko industrijo Slovenije,16. 8. 2004
2005-01-3536,Aneks h Kolektivni pogodbi za kemično in gumarsko industrijo Slovenije,26. 8. 2005
2009-01-3394,Odpoved Kolektivne pogodbe dejavnosti bank in hranilnic v Republiki Sloveniji,5. 10. 2009
2008-01-4645,Aneks št. 1 k Tarifni prilogi h Kolektivni pogodbi za dejavnosti pridobivanja in predelave nekovinskih rudnin Slovenije,17. 11. 2008
2008-01-3542,Tarifna priloga h Kolektivni pogodbi za dejavnosti pridobivanja in predelave nekovinskih rudnin Slovenije,1. 8. 2008
2010-01-0395,Tarifna priloga h Kolektivni pogodbi komunalnih dejavnosti,12. 2. 2010
2010-01-5011,Aneks h Kolektivni pogodbi komunalnih dejavnosti,29. 11. 2010
2005-01-3535,Aneks št. 2 k tarifni prilogi h Kolektivni pogodbi za dejavnosti pridobivanja in predelave nekovinskih rudnin Slovenije,26. 8. 2005
2005-01-3537,"Aneks št. 1 k tarifni prilogi h Kolektivni pogodbi celulozne, papirne in papirnopredelovalne dejavnosti",26. 8. 2005
2019-01-3797,Odredba o uskladitvi najnižje bruto urne postavke za opravljeno uro začasnih in občasnih del,31. 12. 2019
2017-01-2704,Dodatek št. 11 h Kolektivni pogodbi za elektroindustrijo Slovenije,20. 10. 2017
2018-01-4133,Dodatek št. 12 h Kolektivni pogodbi za elektroindustrijo Slovenije,28. 12. 2018
2020-01-0849,Dodatek št. 13 h Kolektivni pogodbi za elektroindustrijo Slovenije,24. 4. 2020
2022-01-1003,Dodatek št. 14 h Kolektivni pogodbi za elektroindustrijo Slovenije,8. 4. 2022
2023-01-0067,Dodatek št. 15 h Kolektivni pogodbi za dejavnost elektroindustrije Slovenije,13. 1. 2023
2006-01-4074,Dodatek št. 1 h Kolektivni pogodbi za elektroindustrijo Slovenije,12. 9. 2006
2007-01-4204,Dodatek št. 2 h Kolektivni pogodbi za elektroindustrijo Slovenije,10. 9. 2007
2009-01-3296,Dodatek št. 5 h kolektivni pogodbi za elektroindustrijo Slovenije,29. 9. 2009
2010-01-0398,Dodatek št. 6 h Kolektivni pogodbi za elektroindustrijo Slovenije,12. 2. 2010
2011-01-3537,Dodatek št. 7 h Kolektivni pogodbi za elektroindustrijo Slovenije,21. 10. 2011
2011-01-4536,Dodatek št. 8 h Kolektivni pogodbi za elektroindustrijo Slovenije,21. 12. 2011
2013-01-1262,Dodatek št. 9 h Kolektivni pogodbi za elektroindustrijo Slovenije,19. 4. 2013
2007-01-3899,Razlage Kolektivne pogodbe za dejavnost elektroindustrije Slovenije,7. 8. 2007
2019-01-1054,Pristop k Dodatku št. 12 h Kolektivni pogodbi za elektroindustrijo Slovenije,12. 4. 2019
2015-01-1824,Aneks h Kolektivni pogodbi za gozdarstvo Slovenije,22. 6. 2015
2006-01-1556,Zakon o odpravljanju posledic dela z azbestom (ZOPDA),11. 4. 2006
2016-01-0851,Razlaga Kolektivne pogodbe za policiste (KPP),25. 3. 2016
2012-01-1732,Kolektivna pogodba za policiste,31. 5. 2012
2023-01-2666,Sklep uprave javnega zavoda Radiotelevizije Slovenija o ugotovitvi ničnosti Kolektivnega dogovora,1. 9. 2023
2016-01-2296,Zakon o dopolnitvah Zakona o delovnih razmerjih (ZDR-1A),29. 7. 2016
2007-01-1418,"Popravek Kolektivne pogodbe lesarstva, podpisane v Ljubljani dne 22. 11. 2006, objavljene v Uradnem listu RS, št. 132/06 z dne 15. 12. 2006",29. 3. 2007
2007-01-5421,Pristop h Kolektivni pogodbi dejavnosti trgovine Slovenije in k Tarifni prilogi h Kolektivni pogodbi dejavnosti trgovine Slovenije,30. 11. 2007
2009-01-2288,Pristop h Kolektivni pogodbi za cestni potniški promet,19. 6. 2009
2010-01-4223,Odpoved Kolektivne pogodbe za dejavnosti pridobivanja in predelave nekovinskih rudnin Slovenije,4. 10. 2010
2011-01-2733,Aneks št. 1 h Kolektivni pogodbi med delavci in družbami drobnega gospodarstva,22. 7. 2011
2012-01-1788,Pristop h Kolektivni pogodbi Komunalnih dejavnosti za leto 2012,8. 6. 2012
2012-01-3776,Aneks št. 1 h Kolektivni pogodbi za policiste,14. 12. 2012
2013-01-0363,Pristop k spremembam in dopolnitvam Kolektivne pogodbe za gozdarstvo Slovenije,7. 2. 2013
2014-01-0066,Spremembe in dopolnitve Kolektivne pogodbe dejavnosti bančništva Slovenije,17. 1. 2014
2014-01-0100,"Odpoved Kolektivne pogodbe za tekstilne, oblačilne, usnjarske in usnjarsko-predelovalne dejavnosti Slovenije",20. 1. 2014
2016-01-1431,Pristop h Kolektivni pogodbi za dejavnost zasebnega varovanja,9. 5. 2016
2017-01-0750,Pristop h Kolektivni pogodbi gradbenih dejavnosti,31. 3. 2017
2017-01-1330,Pristop h Kolektivni pogodbi za dejavnost zasebnega varovanja,19. 5. 2017
2017-01-2233,"Pristop h KP za tekstilne, oblačilne, usnjarske in usnjarsko-predelovalne dejavnosti Slovenije (KPtoupd), ki ima razširjeno veljavnost",25. 8. 2017
2017-01-3430,Aneks h Kolektivni pogodbi dejavnosti gostinstva in turizma Slovenije,13. 12. 2017
2017-01-3900,Spremembe in dopolnitve Kolektivne pogodbe gradbenih dejavnosti,29. 12. 2017
2018-01-1068,Pristop k Aneksu št. 1 h Kolektivni pogodbi za kmetijstvo in živilsko industrijo Slovenije,13. 4. 2018
2018-01-2656,Kolektivna pogodba dejavnosti trgovine Slovenije,27. 7. 2018
2018-01-4135,Aneks št. 1 h Kolektivni pogodbi grafične dejavnosti,28. 12. 2018
2019-01-0121,Spremembe in dopolnitve Kolektivne pogodbe gradbenih dejavnosti,25. 1. 2019
2019-01-0618,Aneks h Kolektivni pogodbi dejavnosti gostinstva in turizma Slovenije,15. 3. 2019
2019-01-2425,Aneks št. 2 h Kolektivni pogodbi grafične dejavnosti,23. 8. 2019
2019-01-3732,Spremembe in dopolnitve Kolektivne pogodbe gradbenih dejavnosti,27. 12. 2019
2020-01-0360,Aneks h Kolektivni pogodbi dejavnosti gostinstva in turizma Slovenije,28. 2. 2020
2020-01-1653,Aneks h Kolektivni pogodbi dejavnosti gostinstva in turizma Slovenije,3. 7. 2020
2020-01-2105,Aneks št. 1 h Kolektivni pogodbi elektrogospodarstva Slovenije,10. 8. 2020
2020-01-3106,Aneks št. 3 h Kolektivni pogodbi grafične dejavnosti,27. 11. 2020
2020-01-3644,Kolektivna pogodba dejavnosti za storitvene dejavnosti v kopenskem prometu,29. 12. 2020
2021-01-0830,Pristop h Kolektivni pogodbi dejavnosti trgovine Slovenija,18. 3. 2021
2021-01-1413,Spremembe in dopolnitve Kolektivne pogodbe gradbenih dejavnosti,30. 4. 2021
2021-01-2236,Kolektivna pogodba komunalnih dejavnosti,2. 7. 2021
2021-01-3815,Kolektivna pogodba za cestni potniški promet Slovenije,7. 12. 2021
2021-01-3909,Aneks št. 4 h Kolektivni pogodbi grafične dejavnosti,17. 12. 2021
2021-01-4170,Aneks št. 2 h Kolektivni pogodbi elektrogospodarstva Slovenije,28. 12. 2021
2022-01-0072,Spremembe in dopolnitve Kolektivne pogodbe gradbenih dejavnosti,14. 1. 2022
2022-01-1640,Aneks št. 5 h Kolektivni pogodbi grafične dejavnosti,20. 5. 2022
2022-01-1806,Aneks št. 3 h Kolektivni pogodbi elektrogospodarstva Slovenije,3. 6. 2022
2022-01-1807,Aneks št. 1 h Kolektivni pogodbi premogovništva Slovenije,3. 6. 2022
2022-01-2047,Aneks h Kolektivni pogodbi dejavnosti gostinstva in turizma Slovenije,24. 6. 2022
2022-01-2048,Spremembe in dopolnitve Kolektivne pogodbe gradbenih dejavnosti,24. 6. 2022
2022-01-3491,Kolektivna pogodba za dejavnost veterinarstva,11. 11. 2022
2022-01-3842,Naknadni pristop h Kolektivni pogodbi za cestni potniški promet Slovenije,9. 12. 2022
2022-01-4042,Aneks št. 6 h Kolektivni pogodbi grafične dejavnosti,21. 12. 2022
2022-01-4043,Aneks št. 4 h Kolektivni pogodbi elektrogospodarstva Slovenije,21. 12. 2022
2022-01-4044,Spremembe in dopolnitve Kolektivne pogodbe gradbenih dejavnosti,21. 12. 2022
2022-01-4113,Aneks h Kolektivni pogodbi dejavnosti gostinstva in turizma Slovenije,23. 12. 2022
2023-01-0434,Aneks št. 2 h Kolektivni pogodbi med delavci in družbami drobnega gospodarstva,22. 2. 2023
2023-01-0556,"Aneks št. 1 k Začasnemu dogovoru o izvajanju 4. točke prvega odstavka 22.n člena Kolektivne pogodbe za policiste in zagotavljanju fonda plačanih ur za sindikalno delo sindikalnih zaupnikov, ki delujejo v stalnem organu sindikata",3. 3. 2023
2023-01-1364,Kolektivna pogodba za obrt in podjetništvo,21. 4. 2023
2023-01-1688,Sklep o določitvi liste strokovnjakov za posredovanje in liste arbitrov za reševanje kolektivnih delovnih sporov,15. 5. 2023
2023-01-1774,Aneks št. 1 h Kolektivni pogodbi za poštne in kurirske dejavnosti,26. 5. 2023
2023-01-1914,Aneks št. 1 h Kolektivni pogodbi za obrt in podjetništvo,6. 6. 2023
2023-01-1929,Aneks h Kolektivni pogodbi dejavnosti gostinstva in turizma Slovenije,9. 6. 2023
2023-01-2034,Aneks št. 2 h Kolektivni pogodbi premogovništva Slovenije,16. 6. 2023
2023-01-2035,Aneks št. 5 h Kolektivni pogodbi elektrogospodarstva Slovenije,16. 6. 2023
2023-01-2097,Spremembe in dopolnitve Kolektivne pogodbe gradbenih dejavnosti,22. 6. 2023
2023-01-2228,Aneks št. 3 h Kolektivni pogodbi za policiste,30. 6. 2023
2023-01-2982,Sklep o ugotovitvi razširjene veljavnosti Kolektivne pogodbe komunalnih dejavnosti,13. 10. 2023
2023-01-3074,Pristop h Kolektivni pogodbi dejavnosti gostinstva in turizma Slovenije,20. 10. 2023
2023-01-3772,Aneks št. 7 h Kolektivni pogodbi grafične dejavnosti,15. 12. 2023
2023-01-3899,Aneks št. 3 h Kolektivni pogodbi premogovništva Slovenije,20. 12. 2023
2008-01-4218,Aneks h Kolektivni pogodbi za gozdarstvo Slovenije in Tarifna priloga h Kolektivni pogodbi za gozdarstvo Slovenije,17. 10. 2008
2009-01-1377,Aneks h Kolektivni pogodbi za gozdarstvo Slovenije,17. 4. 2009
2010-01-2335,Tarifna priloga h Kolektivni pogodbi za gozdarstvo Slovenije,8. 6. 2010
2017-01-2522,Zakon o spremembah in dopolnitvah Zakona o inšpekciji dela (ZID-1A),6. 10. 2017
2015-01-3610,Zakon o dopolnitvi Zakona o minimalni plači (ZMinP-A),4. 12. 2015
2010-01-0519,Zakon o minimalni plači (ZMinP),22. 2. 2010
2003-01-5865,Razlaga kolektivne pogodbe za dejavnosti pridobivanja in predelave nekovinskih rudnin,31. 12. 2003
2010-01-1095,"Uredba o merilih za znižanje deleža odškodnine, ki jo delodajalci izplačujejo zaradi posledic dela z azbestom",26. 3. 2010
2020-01-0059,Odlok o medresorski komisiji za odpravljanje posledic dela z azbestom,17. 1. 2020
2024-01-1441,Aneks št. 2 h Kolektivni pogodbi za kmetijstvo in živilsko industrijo Slovenije,24. 5. 2024
2015-01-3859,"Pravilnik o spremembah in dopolnitvah Pravilnika o prijavi in odjavi iz evidenc, zaposlitvenem načrtu, pravicah in obveznostih pri iskanju zaposlitve ter nadzoru nad osebami, prijavljenimi v evidencah",18. 12. 2015
2010-01-5496,"Pravilnik o prijavi in odjavi iz evidenc, zaposlitvenem načrtu, pravicah in obveznostih pri iskanju zaposlitve ter nadzoru nad osebami, prijavljenimi v evidencah",27. 12. 2010
2007-01-2049,Razlaga kolektivne pogodbe za kemično in gumarsko industrijo v zvezi s 3. in 4. točko 68. člena KPD,26. 4. 2007
2015-01-2597,"Pravilnik o določitvi minimalnih standardov za nastanitev tujcev, ki so zaposleni ali delajo v Republiki Sloveniji",28. 8. 2015
2015-01-2562,Pravilnik o obdelavi in posredovanju podatkov v zvezi z zaposlitvijo in delom tujcev v Republiki Sloveniji,21. 8. 2015
2006-01-1768,Zakon o evidencah na področju dela in socialne varnosti (ZEPDSV),14. 4. 2006
2007-01-5999,Pravilnik o poročanju o stroških dela,24. 12. 2007
2007-01-6353,Pravilnik o obrazcih prijav podatkov o reševanju kolektivnih delovnih sporov pri delodajalcu,29. 12. 2007
2023-01-1574,Zakon o spremembah in dopolnitvah zakona o evidencah na področju dela in socialne varnosti (ZEPDSV-A),5. 5. 2023
2017-01-2418,"Pravilnik o načinu sporočanja podatkov o prostem delovnem mestu ali vrsti dela Zavodu Republike Slovenije za zaposlovanje, javni objavi ter postopku posredovanja zaposlitve",25. 9. 2017
2017-01-3594,Zakon o spremembi Zakona o interventnem ukrepu na področju trga dela (ZIUPTD-A),22. 12. 2017
2023-01-0719,Sklep o uskladitvi in zneskih dodatka za pomoč in postrežbo od 1. marca 2023,7. 3. 2023
2015-01-4202,Kolektivni sporazum o zaposlovanju in pravicah svobodnih in samostojnih rednih pogodbenih sodelavcev na javnem zavodu Radiotelevizija Slovenija,30. 12. 2015
2006-01-5384,"Popravek h Kolektivni pogodbi za dejavnost trgovine Slovenije, podpisani v Ljubljani dne 10. 10. 2006 in objavljeni v Uradnem listu RS, št. 111/06 z dne 27. 10. 2006",7. 12. 2006
2020-01-0091,Uredba o načinu priprave kadrovskih načrtov posrednih uporabnikov proračuna in metodologiji spremljanja njihovega izvajanja za leti 2020 in 2021,17. 1. 2020
2006-01-6050,Pravilnik o pogojih za opravljanje dejavnosti agencij za zaposlovanje,29. 12. 2006
2023-01-0733,Sklep o odpovedi kolektivne pogodbe za dejavnost zasebnega varovanja,10. 3. 2023
2010-01-1632,Aneks št. 2 k Tarifni prilogi Kolektivne pogodbe za lesarstvo,30. 4. 2010
2012-01-1042,Aneks št. 4 k Tarifni prilogi Kolektivne pogodbe za lesarstvo,6. 4. 2012
2016-01-0178,Aneks k tarifni prilogi h Kolektivni pogodbi za dejavnosti pridobivanja in predelave nekovinskih rudnin Slovenije,22. 1. 2016
2011-01-2290,Pravilnik o področjih prostovoljskega dela in vpisniku,24. 6. 2011
2011-01-2899,Uredba o nagradi in priznanjih za prostovoljstvo,5. 8. 2011
2016-01-0850,Razlaga Kolektivne pogodbe za policiste (KPP),25. 3. 2016
2007-01-5186,Aneks št. 1 h Kolektivni pogodbi za dejavnosti pridobivanja in predelave nekovinskih rudnin Slovenije,16. 11. 2007
2018-01-2307,Pravilnik o dodeljevanju državnih štipendij,4. 7. 2018
2018-01-2460,Spremembe in dopolnitve Kolektivne pogodbe za dejavnost železniškega prometa,13. 7. 2018
2018-01-0002,"Zakon o zaposlovanju, samozaposlovanju in delu tujcev (uradno prečiščeno besedilo) (ZZSDT-UPB2)",5. 1. 2018
2013-01-2081,Odpoved Kolektivne pogodbe za kemično in gumarsko industrijo Slovenije vključno z njeno tarifno prilogo,28. 6. 2013
2002-01-1123,Aneks št. 4 h kolektivni pogodbi za dejavnost kovinskih materialov in livarn ter za kovinsko in elektroindustrijo Slovenije,22. 3. 2002
